/*
SQLyog Ultimate v12.5.1 (64 bit)
MySQL - 10.4.6-MariaDB : Database - sertifikat_p3sm
*********************************************************************
*/

/*!40101 SET NAMES utf8 */;

/*!40101 SET SQL_MODE=''*/;

/*!40014 SET @OLD_UNIQUE_CHECKS=@@UNIQUE_CHECKS, UNIQUE_CHECKS=0 */;
/*!40014 SET @OLD_FOREIGN_KEY_CHECKS=@@FOREIGN_KEY_CHECKS, FOREIGN_KEY_CHECKS=0 */;
/*!40101 SET @OLD_SQL_MODE=@@SQL_MODE, SQL_MODE='NO_AUTO_VALUE_ON_ZERO' */;
/*!40111 SET @OLD_SQL_NOTES=@@SQL_NOTES, SQL_NOTES=0 */;
CREATE DATABASE /*!32312 IF NOT EXISTS*/`sertifikat_p3sm` /*!40100 DEFAULT CHARACTER SET latin1 */;

USE `sertifikat_p3sm`;

/*Table structure for table `jobs` */

DROP TABLE IF EXISTS `jobs`;

CREATE TABLE `jobs` (
  `id` bigint(20) unsigned NOT NULL AUTO_INCREMENT,
  `queue` varchar(255) COLLATE utf8mb4_unicode_ci NOT NULL,
  `payload` longtext COLLATE utf8mb4_unicode_ci NOT NULL,
  `attempts` tinyint(3) unsigned NOT NULL,
  `reserved_at` int(10) unsigned DEFAULT NULL,
  `available_at` int(10) unsigned NOT NULL,
  `created_at` int(10) unsigned NOT NULL,
  PRIMARY KEY (`id`),
  KEY `jobs_queue_index` (`queue`)
) ENGINE=InnoDB AUTO_INCREMENT=1489 DEFAULT CHARSET=utf8mb4 COLLATE=utf8mb4_unicode_ci;

/*Data for the table `jobs` */

insert  into `jobs`(`id`,`queue`,`payload`,`attempts`,`reserved_at`,`available_at`,`created_at`) values 
(1462,'default','{\"displayName\":\"App\\\\Jobs\\\\KirimEmailJob\",\"job\":\"Illuminate\\\\Queue\\\\CallQueuedHandler@call\",\"maxTries\":null,\"timeout\":null,\"timeoutAt\":null,\"data\":{\"commandName\":\"App\\\\Jobs\\\\KirimEmailJob\",\"command\":\"O:22:\\\"App\\\\Jobs\\\\KirimEmailJob\\\":8:{s:10:\\\"\\u0000*\\u0000details\\\";s:22:\\\"batangkelape@gmail.com\\\";s:6:\\\"\\u0000*\\u0000job\\\";N;s:10:\\\"connection\\\";N;s:5:\\\"queue\\\";N;s:15:\\\"chainConnection\\\";N;s:10:\\\"chainQueue\\\";N;s:5:\\\"delay\\\";N;s:7:\\\"chained\\\";a:0:{}}\"}}',33,NULL,1592411469,1592411469),
(1463,'default','{\"displayName\":\"App\\\\Jobs\\\\KirimEmailJob\",\"job\":\"Illuminate\\\\Queue\\\\CallQueuedHandler@call\",\"maxTries\":null,\"timeout\":null,\"timeoutAt\":null,\"data\":{\"commandName\":\"App\\\\Jobs\\\\KirimEmailJob\",\"command\":\"O:22:\\\"App\\\\Jobs\\\\KirimEmailJob\\\":8:{s:10:\\\"\\u0000*\\u0000details\\\";s:22:\\\"batangkelape@gmail.com\\\";s:6:\\\"\\u0000*\\u0000job\\\";N;s:10:\\\"connection\\\";N;s:5:\\\"queue\\\";N;s:15:\\\"chainConnection\\\";N;s:10:\\\"chainQueue\\\";N;s:5:\\\"delay\\\";N;s:7:\\\"chained\\\";a:0:{}}\"}}',34,NULL,1592411469,1592411469),
(1464,'default','{\"displayName\":\"App\\\\Jobs\\\\KirimEmailJob\",\"job\":\"Illuminate\\\\Queue\\\\CallQueuedHandler@call\",\"maxTries\":null,\"timeout\":null,\"timeoutAt\":null,\"data\":{\"commandName\":\"App\\\\Jobs\\\\KirimEmailJob\",\"command\":\"O:22:\\\"App\\\\Jobs\\\\KirimEmailJob\\\":8:{s:10:\\\"\\u0000*\\u0000details\\\";a:1:{s:5:\\\"email\\\";a:2:{i:0;a:1:{s:5:\\\"email\\\";s:25:\\\"gandhisaputra13@gmail.com\\\";}i:1;a:1:{s:5:\\\"email\\\";s:22:\\\"batangkelape@gmail.com\\\";}}}s:6:\\\"\\u0000*\\u0000job\\\";N;s:10:\\\"connection\\\";N;s:5:\\\"queue\\\";N;s:15:\\\"chainConnection\\\";N;s:10:\\\"chainQueue\\\";N;s:5:\\\"delay\\\";N;s:7:\\\"chained\\\";a:0:{}}\"}}',45,NULL,1592411470,1592411470),
(1465,'default','{\"displayName\":\"App\\\\Jobs\\\\KirimEmailJob\",\"job\":\"Illuminate\\\\Queue\\\\CallQueuedHandler@call\",\"maxTries\":null,\"timeout\":null,\"timeoutAt\":null,\"data\":{\"commandName\":\"App\\\\Jobs\\\\KirimEmailJob\",\"command\":\"O:22:\\\"App\\\\Jobs\\\\KirimEmailJob\\\":8:{s:10:\\\"\\u0000*\\u0000details\\\";a:1:{s:5:\\\"email\\\";a:2:{i:0;a:1:{s:5:\\\"email\\\";s:25:\\\"gandhisaputra13@gmail.com\\\";}i:1;a:1:{s:5:\\\"email\\\";s:22:\\\"batangkelape@gmail.com\\\";}}}s:6:\\\"\\u0000*\\u0000job\\\";N;s:10:\\\"connection\\\";N;s:5:\\\"queue\\\";N;s:15:\\\"chainConnection\\\";N;s:10:\\\"chainQueue\\\";N;s:5:\\\"delay\\\";N;s:7:\\\"chained\\\";a:0:{}}\"}}',45,NULL,1592411470,1592411470),
(1466,'default','{\"displayName\":\"App\\\\Jobs\\\\KirimEmailJob\",\"job\":\"Illuminate\\\\Queue\\\\CallQueuedHandler@call\",\"maxTries\":null,\"timeout\":null,\"timeoutAt\":null,\"data\":{\"commandName\":\"App\\\\Jobs\\\\KirimEmailJob\",\"command\":\"O:22:\\\"App\\\\Jobs\\\\KirimEmailJob\\\":8:{s:10:\\\"\\u0000*\\u0000details\\\";a:1:{s:5:\\\"email\\\";a:2:{i:0;a:1:{s:5:\\\"email\\\";s:25:\\\"gandhisaputra13@gmail.com\\\";}i:1;a:1:{s:5:\\\"email\\\";s:22:\\\"batangkelape@gmail.com\\\";}}}s:6:\\\"\\u0000*\\u0000job\\\";N;s:10:\\\"connection\\\";N;s:5:\\\"queue\\\";N;s:15:\\\"chainConnection\\\";N;s:10:\\\"chainQueue\\\";N;s:5:\\\"delay\\\";N;s:7:\\\"chained\\\";a:0:{}}\"}}',45,NULL,1592411470,1592411470),
(1467,'default','{\"displayName\":\"App\\\\Jobs\\\\KirimEmailJob\",\"job\":\"Illuminate\\\\Queue\\\\CallQueuedHandler@call\",\"maxTries\":null,\"timeout\":null,\"timeoutAt\":null,\"data\":{\"commandName\":\"App\\\\Jobs\\\\KirimEmailJob\",\"command\":\"O:22:\\\"App\\\\Jobs\\\\KirimEmailJob\\\":8:{s:10:\\\"\\u0000*\\u0000details\\\";a:1:{s:5:\\\"email\\\";a:2:{i:0;a:1:{s:5:\\\"email\\\";s:25:\\\"gandhisaputra13@gmail.com\\\";}i:1;a:1:{s:5:\\\"email\\\";s:22:\\\"batangkelape@gmail.com\\\";}}}s:6:\\\"\\u0000*\\u0000job\\\";N;s:10:\\\"connection\\\";N;s:5:\\\"queue\\\";N;s:15:\\\"chainConnection\\\";N;s:10:\\\"chainQueue\\\";N;s:5:\\\"delay\\\";N;s:7:\\\"chained\\\";a:0:{}}\"}}',45,NULL,1592411471,1592411471),
(1468,'default','{\"displayName\":\"App\\\\Jobs\\\\KirimEmailJob\",\"job\":\"Illuminate\\\\Queue\\\\CallQueuedHandler@call\",\"maxTries\":null,\"timeout\":null,\"timeoutAt\":null,\"data\":{\"commandName\":\"App\\\\Jobs\\\\KirimEmailJob\",\"command\":\"O:22:\\\"App\\\\Jobs\\\\KirimEmailJob\\\":8:{s:10:\\\"\\u0000*\\u0000details\\\";s:25:\\\"gandhisaputra13@gmail.com\\\";s:6:\\\"\\u0000*\\u0000job\\\";N;s:10:\\\"connection\\\";N;s:5:\\\"queue\\\";N;s:15:\\\"chainConnection\\\";N;s:10:\\\"chainQueue\\\";N;s:5:\\\"delay\\\";N;s:7:\\\"chained\\\";a:0:{}}\"}}',34,NULL,1592411471,1592411471),
(1469,'default','{\"displayName\":\"App\\\\Jobs\\\\KirimEmailJob\",\"job\":\"Illuminate\\\\Queue\\\\CallQueuedHandler@call\",\"maxTries\":null,\"timeout\":null,\"timeoutAt\":null,\"data\":{\"commandName\":\"App\\\\Jobs\\\\KirimEmailJob\",\"command\":\"O:22:\\\"App\\\\Jobs\\\\KirimEmailJob\\\":8:{s:10:\\\"\\u0000*\\u0000details\\\";s:22:\\\"batangkelape@gmail.com\\\";s:6:\\\"\\u0000*\\u0000job\\\";N;s:10:\\\"connection\\\";N;s:5:\\\"queue\\\";N;s:15:\\\"chainConnection\\\";N;s:10:\\\"chainQueue\\\";N;s:5:\\\"delay\\\";N;s:7:\\\"chained\\\";a:0:{}}\"}}',34,NULL,1592411472,1592411472),
(1470,'default','{\"displayName\":\"App\\\\Jobs\\\\KirimEmailJob\",\"job\":\"Illuminate\\\\Queue\\\\CallQueuedHandler@call\",\"maxTries\":null,\"timeout\":null,\"timeoutAt\":null,\"data\":{\"commandName\":\"App\\\\Jobs\\\\KirimEmailJob\",\"command\":\"O:22:\\\"App\\\\Jobs\\\\KirimEmailJob\\\":8:{s:10:\\\"\\u0000*\\u0000details\\\";a:1:{s:5:\\\"email\\\";a:2:{i:0;a:1:{s:5:\\\"email\\\";s:25:\\\"gandhisaputra13@gmail.com\\\";}i:1;a:1:{s:5:\\\"email\\\";s:22:\\\"batangkelape@gmail.com\\\";}}}s:6:\\\"\\u0000*\\u0000job\\\";N;s:10:\\\"connection\\\";N;s:5:\\\"queue\\\";N;s:15:\\\"chainConnection\\\";N;s:10:\\\"chainQueue\\\";N;s:5:\\\"delay\\\";N;s:7:\\\"chained\\\";a:0:{}}\"}}',45,NULL,1592411472,1592411472),
(1471,'default','{\"displayName\":\"App\\\\Jobs\\\\KirimEmailJob\",\"job\":\"Illuminate\\\\Queue\\\\CallQueuedHandler@call\",\"maxTries\":null,\"timeout\":null,\"timeoutAt\":null,\"data\":{\"commandName\":\"App\\\\Jobs\\\\KirimEmailJob\",\"command\":\"O:22:\\\"App\\\\Jobs\\\\KirimEmailJob\\\":8:{s:10:\\\"\\u0000*\\u0000details\\\";a:1:{s:5:\\\"email\\\";a:2:{i:0;a:1:{s:5:\\\"email\\\";s:25:\\\"gandhisaputra13@gmail.com\\\";}i:1;a:1:{s:5:\\\"email\\\";s:22:\\\"batangkelape@gmail.com\\\";}}}s:6:\\\"\\u0000*\\u0000job\\\";N;s:10:\\\"connection\\\";N;s:5:\\\"queue\\\";N;s:15:\\\"chainConnection\\\";N;s:10:\\\"chainQueue\\\";N;s:5:\\\"delay\\\";N;s:7:\\\"chained\\\";a:0:{}}\"}}',45,NULL,1592411472,1592411472),
(1472,'default','{\"displayName\":\"App\\\\Jobs\\\\KirimEmailJob\",\"job\":\"Illuminate\\\\Queue\\\\CallQueuedHandler@call\",\"maxTries\":null,\"timeout\":null,\"timeoutAt\":null,\"data\":{\"commandName\":\"App\\\\Jobs\\\\KirimEmailJob\",\"command\":\"O:22:\\\"App\\\\Jobs\\\\KirimEmailJob\\\":8:{s:10:\\\"\\u0000*\\u0000details\\\";s:25:\\\"gandhisaputra13@gmail.com\\\";s:6:\\\"\\u0000*\\u0000job\\\";N;s:10:\\\"connection\\\";N;s:5:\\\"queue\\\";N;s:15:\\\"chainConnection\\\";N;s:10:\\\"chainQueue\\\";N;s:5:\\\"delay\\\";N;s:7:\\\"chained\\\";a:0:{}}\"}}',21,NULL,1592411473,1592411473),
(1473,'default','{\"displayName\":\"App\\\\Jobs\\\\KirimEmailJob\",\"job\":\"Illuminate\\\\Queue\\\\CallQueuedHandler@call\",\"maxTries\":null,\"timeout\":null,\"timeoutAt\":null,\"data\":{\"commandName\":\"App\\\\Jobs\\\\KirimEmailJob\",\"command\":\"O:22:\\\"App\\\\Jobs\\\\KirimEmailJob\\\":8:{s:10:\\\"\\u0000*\\u0000details\\\";s:22:\\\"batangkelape@gmail.com\\\";s:6:\\\"\\u0000*\\u0000job\\\";N;s:10:\\\"connection\\\";N;s:5:\\\"queue\\\";N;s:15:\\\"chainConnection\\\";N;s:10:\\\"chainQueue\\\";N;s:5:\\\"delay\\\";N;s:7:\\\"chained\\\";a:0:{}}\"}}',21,NULL,1592411473,1592411473),
(1474,'default','{\"displayName\":\"App\\\\Jobs\\\\KirimEmailJob\",\"job\":\"Illuminate\\\\Queue\\\\CallQueuedHandler@call\",\"maxTries\":null,\"timeout\":null,\"timeoutAt\":null,\"data\":{\"commandName\":\"App\\\\Jobs\\\\KirimEmailJob\",\"command\":\"O:22:\\\"App\\\\Jobs\\\\KirimEmailJob\\\":8:{s:10:\\\"\\u0000*\\u0000details\\\";s:25:\\\"gandhisaputra13@gmail.com\\\";s:6:\\\"\\u0000*\\u0000job\\\";N;s:10:\\\"connection\\\";N;s:5:\\\"queue\\\";N;s:15:\\\"chainConnection\\\";N;s:10:\\\"chainQueue\\\";N;s:5:\\\"delay\\\";N;s:7:\\\"chained\\\";a:0:{}}\"}}',39,NULL,1592411474,1592411474),
(1475,'default','{\"displayName\":\"App\\\\Jobs\\\\KirimEmailJob\",\"job\":\"Illuminate\\\\Queue\\\\CallQueuedHandler@call\",\"maxTries\":null,\"timeout\":null,\"timeoutAt\":null,\"data\":{\"commandName\":\"App\\\\Jobs\\\\KirimEmailJob\",\"command\":\"O:22:\\\"App\\\\Jobs\\\\KirimEmailJob\\\":8:{s:10:\\\"\\u0000*\\u0000details\\\";s:22:\\\"batangkelape@gmail.com\\\";s:6:\\\"\\u0000*\\u0000job\\\";N;s:10:\\\"connection\\\";N;s:5:\\\"queue\\\";N;s:15:\\\"chainConnection\\\";N;s:10:\\\"chainQueue\\\";N;s:5:\\\"delay\\\";N;s:7:\\\"chained\\\";a:0:{}}\"}}',39,NULL,1592411474,1592411474),
(1476,'default','{\"displayName\":\"App\\\\Jobs\\\\KirimEmailJob\",\"job\":\"Illuminate\\\\Queue\\\\CallQueuedHandler@call\",\"maxTries\":null,\"timeout\":null,\"timeoutAt\":null,\"data\":{\"commandName\":\"App\\\\Jobs\\\\KirimEmailJob\",\"command\":\"O:22:\\\"App\\\\Jobs\\\\KirimEmailJob\\\":8:{s:10:\\\"\\u0000*\\u0000details\\\";s:25:\\\"gandhisaputra13@gmail.com\\\";s:6:\\\"\\u0000*\\u0000job\\\";N;s:10:\\\"connection\\\";N;s:5:\\\"queue\\\";N;s:15:\\\"chainConnection\\\";N;s:10:\\\"chainQueue\\\";N;s:5:\\\"delay\\\";N;s:7:\\\"chained\\\";a:0:{}}\"}}',39,NULL,1592411474,1592411474),
(1477,'default','{\"displayName\":\"App\\\\Jobs\\\\KirimEmailJob\",\"job\":\"Illuminate\\\\Queue\\\\CallQueuedHandler@call\",\"maxTries\":null,\"timeout\":null,\"timeoutAt\":null,\"data\":{\"commandName\":\"App\\\\Jobs\\\\KirimEmailJob\",\"command\":\"O:22:\\\"App\\\\Jobs\\\\KirimEmailJob\\\":8:{s:10:\\\"\\u0000*\\u0000details\\\";s:22:\\\"batangkelape@gmail.com\\\";s:6:\\\"\\u0000*\\u0000job\\\";N;s:10:\\\"connection\\\";N;s:5:\\\"queue\\\";N;s:15:\\\"chainConnection\\\";N;s:10:\\\"chainQueue\\\";N;s:5:\\\"delay\\\";N;s:7:\\\"chained\\\";a:0:{}}\"}}',39,NULL,1592411475,1592411475),
(1478,'default','{\"displayName\":\"App\\\\Jobs\\\\KirimEmailJob\",\"job\":\"Illuminate\\\\Queue\\\\CallQueuedHandler@call\",\"maxTries\":null,\"timeout\":null,\"timeoutAt\":null,\"data\":{\"commandName\":\"App\\\\Jobs\\\\KirimEmailJob\",\"command\":\"O:22:\\\"App\\\\Jobs\\\\KirimEmailJob\\\":8:{s:10:\\\"\\u0000*\\u0000details\\\";s:25:\\\"gandhisaputra13@gmail.com\\\";s:6:\\\"\\u0000*\\u0000job\\\";N;s:10:\\\"connection\\\";N;s:5:\\\"queue\\\";N;s:15:\\\"chainConnection\\\";N;s:10:\\\"chainQueue\\\";N;s:5:\\\"delay\\\";N;s:7:\\\"chained\\\";a:0:{}}\"}}',39,NULL,1592411475,1592411475),
(1479,'default','{\"displayName\":\"App\\\\Jobs\\\\KirimEmailJob\",\"job\":\"Illuminate\\\\Queue\\\\CallQueuedHandler@call\",\"maxTries\":null,\"timeout\":null,\"timeoutAt\":null,\"data\":{\"commandName\":\"App\\\\Jobs\\\\KirimEmailJob\",\"command\":\"O:22:\\\"App\\\\Jobs\\\\KirimEmailJob\\\":8:{s:10:\\\"\\u0000*\\u0000details\\\";s:22:\\\"batangkelape@gmail.com\\\";s:6:\\\"\\u0000*\\u0000job\\\";N;s:10:\\\"connection\\\";N;s:5:\\\"queue\\\";N;s:15:\\\"chainConnection\\\";N;s:10:\\\"chainQueue\\\";N;s:5:\\\"delay\\\";N;s:7:\\\"chained\\\";a:0:{}}\"}}',39,NULL,1592411476,1592411476),
(1480,'default','{\"displayName\":\"App\\\\Jobs\\\\KirimEmailJob\",\"job\":\"Illuminate\\\\Queue\\\\CallQueuedHandler@call\",\"maxTries\":null,\"timeout\":null,\"timeoutAt\":null,\"data\":{\"commandName\":\"App\\\\Jobs\\\\KirimEmailJob\",\"command\":\"O:22:\\\"App\\\\Jobs\\\\KirimEmailJob\\\":8:{s:10:\\\"\\u0000*\\u0000details\\\";s:25:\\\"gandhisaputra13@gmail.com\\\";s:6:\\\"\\u0000*\\u0000job\\\";N;s:10:\\\"connection\\\";N;s:5:\\\"queue\\\";N;s:15:\\\"chainConnection\\\";N;s:10:\\\"chainQueue\\\";N;s:5:\\\"delay\\\";N;s:7:\\\"chained\\\";a:0:{}}\"}}',27,NULL,1592411476,1592411476),
(1481,'default','{\"displayName\":\"App\\\\Jobs\\\\KirimEmailJob\",\"job\":\"Illuminate\\\\Queue\\\\CallQueuedHandler@call\",\"maxTries\":null,\"timeout\":null,\"timeoutAt\":null,\"data\":{\"commandName\":\"App\\\\Jobs\\\\KirimEmailJob\",\"command\":\"O:22:\\\"App\\\\Jobs\\\\KirimEmailJob\\\":8:{s:10:\\\"\\u0000*\\u0000details\\\";s:22:\\\"batangkelape@gmail.com\\\";s:6:\\\"\\u0000*\\u0000job\\\";N;s:10:\\\"connection\\\";N;s:5:\\\"queue\\\";N;s:15:\\\"chainConnection\\\";N;s:10:\\\"chainQueue\\\";N;s:5:\\\"delay\\\";N;s:7:\\\"chained\\\";a:0:{}}\"}}',27,NULL,1592411476,1592411476),
(1482,'default','{\"displayName\":\"App\\\\Jobs\\\\KirimEmailJob\",\"job\":\"Illuminate\\\\Queue\\\\CallQueuedHandler@call\",\"maxTries\":null,\"timeout\":null,\"timeoutAt\":null,\"data\":{\"commandName\":\"App\\\\Jobs\\\\KirimEmailJob\",\"command\":\"O:22:\\\"App\\\\Jobs\\\\KirimEmailJob\\\":8:{s:10:\\\"\\u0000*\\u0000details\\\";a:1:{s:5:\\\"email\\\";a:2:{i:0;s:25:\\\"gandhisaputra13@gmail.com\\\";i:1;s:22:\\\"batangkelape@gmail.com\\\";}}s:6:\\\"\\u0000*\\u0000job\\\";N;s:10:\\\"connection\\\";N;s:5:\\\"queue\\\";N;s:15:\\\"chainConnection\\\";N;s:10:\\\"chainQueue\\\";N;s:5:\\\"delay\\\";N;s:7:\\\"chained\\\";a:0:{}}\"}}',255,NULL,1592411477,1592411477),
(1483,'default','{\"displayName\":\"App\\\\Jobs\\\\KirimEmailJob\",\"job\":\"Illuminate\\\\Queue\\\\CallQueuedHandler@call\",\"maxTries\":null,\"timeout\":null,\"timeoutAt\":null,\"data\":{\"commandName\":\"App\\\\Jobs\\\\KirimEmailJob\",\"command\":\"O:22:\\\"App\\\\Jobs\\\\KirimEmailJob\\\":8:{s:10:\\\"\\u0000*\\u0000details\\\";a:1:{s:5:\\\"email\\\";a:2:{i:0;s:25:\\\"gandhisaputra13@gmail.com\\\";i:1;s:22:\\\"batangkelape@gmail.com\\\";}}s:6:\\\"\\u0000*\\u0000job\\\";N;s:10:\\\"connection\\\";N;s:5:\\\"queue\\\";N;s:15:\\\"chainConnection\\\";N;s:10:\\\"chainQueue\\\";N;s:5:\\\"delay\\\";N;s:7:\\\"chained\\\";a:0:{}}\"}}',47,NULL,1592411477,1592411477),
(1484,'default','{\"displayName\":\"App\\\\Jobs\\\\KirimEmailJob\",\"job\":\"Illuminate\\\\Queue\\\\CallQueuedHandler@call\",\"maxTries\":null,\"timeout\":null,\"timeoutAt\":null,\"data\":{\"commandName\":\"App\\\\Jobs\\\\KirimEmailJob\",\"command\":\"O:22:\\\"App\\\\Jobs\\\\KirimEmailJob\\\":8:{s:10:\\\"\\u0000*\\u0000details\\\";a:1:{s:5:\\\"email\\\";s:25:\\\"gandhisaputra13@gmail.com\\\";}s:6:\\\"\\u0000*\\u0000job\\\";N;s:10:\\\"connection\\\";N;s:5:\\\"queue\\\";N;s:15:\\\"chainConnection\\\";N;s:10:\\\"chainQueue\\\";N;s:5:\\\"delay\\\";N;s:7:\\\"chained\\\";a:0:{}}\"}}',46,NULL,1592411478,1592411478),
(1485,'default','{\"displayName\":\"App\\\\Jobs\\\\KirimEmailJob\",\"job\":\"Illuminate\\\\Queue\\\\CallQueuedHandler@call\",\"maxTries\":null,\"timeout\":null,\"timeoutAt\":null,\"data\":{\"commandName\":\"App\\\\Jobs\\\\KirimEmailJob\",\"command\":\"O:22:\\\"App\\\\Jobs\\\\KirimEmailJob\\\":8:{s:10:\\\"\\u0000*\\u0000details\\\";s:25:\\\"gandhisaputra13@gmail.com\\\";s:6:\\\"\\u0000*\\u0000job\\\";N;s:10:\\\"connection\\\";N;s:5:\\\"queue\\\";N;s:15:\\\"chainConnection\\\";N;s:10:\\\"chainQueue\\\";N;s:5:\\\"delay\\\";N;s:7:\\\"chained\\\";a:0:{}}\"}}',35,NULL,1592411478,1592411478),
(1486,'default','{\"displayName\":\"App\\\\Jobs\\\\KirimEmailJob\",\"job\":\"Illuminate\\\\Queue\\\\CallQueuedHandler@call\",\"maxTries\":null,\"timeout\":null,\"timeoutAt\":null,\"data\":{\"commandName\":\"App\\\\Jobs\\\\KirimEmailJob\",\"command\":\"O:22:\\\"App\\\\Jobs\\\\KirimEmailJob\\\":8:{s:10:\\\"\\u0000*\\u0000details\\\";s:25:\\\"gandhisaputra13@gmail.com\\\";s:6:\\\"\\u0000*\\u0000job\\\";N;s:10:\\\"connection\\\";N;s:5:\\\"queue\\\";N;s:15:\\\"chainConnection\\\";N;s:10:\\\"chainQueue\\\";N;s:5:\\\"delay\\\";N;s:7:\\\"chained\\\";a:0:{}}\"}}',34,NULL,1592411478,1592411478),
(1487,'default','{\"displayName\":\"App\\\\Jobs\\\\KirimEmailJob\",\"job\":\"Illuminate\\\\Queue\\\\CallQueuedHandler@call\",\"maxTries\":null,\"timeout\":null,\"timeoutAt\":null,\"data\":{\"commandName\":\"App\\\\Jobs\\\\KirimEmailJob\",\"command\":\"O:22:\\\"App\\\\Jobs\\\\KirimEmailJob\\\":8:{s:10:\\\"\\u0000*\\u0000details\\\";s:25:\\\"gandhisaputra13@gmail.com\\\";s:6:\\\"\\u0000*\\u0000job\\\";N;s:10:\\\"connection\\\";N;s:5:\\\"queue\\\";N;s:15:\\\"chainConnection\\\";N;s:10:\\\"chainQueue\\\";N;s:5:\\\"delay\\\";N;s:7:\\\"chained\\\";a:0:{}}\"}}',16,NULL,1592411479,1592411479),
(1488,'default','{\"displayName\":\"App\\\\Jobs\\\\KirimEmailJob\",\"job\":\"Illuminate\\\\Queue\\\\CallQueuedHandler@call\",\"maxTries\":null,\"timeout\":null,\"timeoutAt\":null,\"data\":{\"commandName\":\"App\\\\Jobs\\\\KirimEmailJob\",\"command\":\"O:22:\\\"App\\\\Jobs\\\\KirimEmailJob\\\":8:{s:10:\\\"\\u0000*\\u0000details\\\";s:22:\\\"batangkelape@gmail.com\\\";s:6:\\\"\\u0000*\\u0000job\\\";N;s:10:\\\"connection\\\";N;s:5:\\\"queue\\\";N;s:15:\\\"chainConnection\\\";N;s:10:\\\"chainQueue\\\";N;s:5:\\\"delay\\\";N;s:7:\\\"chained\\\";a:0:{}}\"}}',16,NULL,1592411479,1592411479);

/*Table structure for table `migrations` */

DROP TABLE IF EXISTS `migrations`;

CREATE TABLE `migrations` (
  `id` int(10) unsigned NOT NULL AUTO_INCREMENT,
  `migration` varchar(191) COLLATE utf8mb4_unicode_ci NOT NULL,
  `batch` int(11) NOT NULL,
  PRIMARY KEY (`id`)
) ENGINE=InnoDB DEFAULT CHARSET=utf8mb4 COLLATE=utf8mb4_unicode_ci;

/*Data for the table `migrations` */

/*Table structure for table `role` */

DROP TABLE IF EXISTS `role`;

CREATE TABLE `role` (
  `id` bigint(20) unsigned NOT NULL AUTO_INCREMENT,
  `name` varchar(100) COLLATE utf8mb4_unicode_ci NOT NULL,
  `created_at` timestamp NULL DEFAULT NULL,
  `updated_at` timestamp NULL DEFAULT NULL,
  PRIMARY KEY (`id`)
) ENGINE=InnoDB AUTO_INCREMENT=11 DEFAULT CHARSET=utf8mb4 COLLATE=utf8mb4_unicode_ci;

/*Data for the table `role` */

insert  into `role`(`id`,`name`,`created_at`,`updated_at`) values 
(1,'Administrator','2019-07-25 16:12:15','2019-07-25 16:12:15'),
(2,'user_p2k3','2020-04-09 20:36:28','2020-04-09 20:36:28'),
(3,'Disnaker_1','2020-04-09 13:42:26','2020-04-09 13:42:26'),
(4,'Disnaker_2','2020-04-09 13:42:45','2020-04-09 13:42:45'),
(5,'Disnaker_3','2020-04-09 13:42:54','2020-04-09 13:42:54'),
(6,'user_pjk3',NULL,NULL),
(7,'Disnaker_pjk3',NULL,NULL),
(8,'user_riksa_uji',NULL,NULL),
(9,'user_bina',NULL,NULL),
(10,'user_audit_smk3',NULL,NULL);

/*Table structure for table `role_permission` */

DROP TABLE IF EXISTS `role_permission`;

CREATE TABLE `role_permission` (
  `role_id` int(11) NOT NULL,
  `permission_id` int(11) NOT NULL
) ENGINE=InnoDB DEFAULT CHARSET=latin1;

/*Data for the table `role_permission` */

insert  into `role_permission`(`role_id`,`permission_id`) values 
(2,2),
(6,5),
(1,1),
(1,2),
(1,3),
(1,4),
(1,5),
(1,6),
(1,7),
(1,8),
(1,9),
(3,1),
(3,3),
(3,4),
(3,5),
(3,6),
(3,7),
(3,8),
(3,9);

/*Table structure for table `sertifikat` */

DROP TABLE IF EXISTS `sertifikat`;

CREATE TABLE `sertifikat` (
  `id` bigint(10) NOT NULL AUTO_INCREMENT,
  `nama` varchar(200) DEFAULT NULL,
  `status` varchar(100) DEFAULT NULL,
  `no_sertifikat` varchar(200) DEFAULT NULL,
  `email` varchar(200) DEFAULT NULL,
  PRIMARY KEY (`id`)
) ENGINE=InnoDB AUTO_INCREMENT=616 DEFAULT CHARSET=latin1;

/*Data for the table `sertifikat` */

insert  into `sertifikat`(`id`,`nama`,`status`,`no_sertifikat`,`email`) values 
(1,'Camellia Nazir, ST, MT','Peserta','1-20-06-0001','camelianazir03@gmail.com'),
(2,'Wilis Setiono','Peserta','1-20-06-0002','wilissetiono95@gmail.com'),
(3,'Hamdan Hariyanto','Peserta','1-20-06-0003','hamdanhari178@gmail.com'),
(4,'Eri Primadianti','Peserta','1-20-06-0004','eriprmdnt@gmail.com'),
(5,'Akhmad Nursalim','Peserta','1-20-06-0005','akhmadnursalim2@gmail.com'),
(6,'SARAH IKA WIDYOWATI','Peserta','1-20-06-0006','sarahika4@gmail.com'),
(7,'Ignatius Rio Prajudi, S.Tr. T','Peserta','1-20-06-0007','rioprajudi@gmail.com'),
(8,'Mega Ayu Wulandari','Peserta','1-20-06-0008','megaa7036@gmail.con'),
(9,'Satya Ananda Santoso','Peserta','1-20-06-0009','satyaananda977@gmail.com'),
(10,'Maharani Elsa Fitri','Peserta','1-20-06-0010','maharanielsa2303@gmail.com'),
(11,'Fauzia Mulyawati','Peserta','1-20-06-0011','ocidfauzia@gmail.com'),
(12,'muhammad hifzhi','Peserta','1-20-06-0012','hifzhizhi@gmail.com'),
(13,'Rona Ariyansyah, S.ST., M.Tr.T','Peserta','1-20-06-0013','ronaariyansyah99@yahoo.co.id'),
(14,'OKI DWI DARMAWAN','Peserta','1-20-06-0014','Okidwid@gmail.com'),
(15,'H. AGUNG KHAIRUL MUTTAQIEN, ST,MT','Peserta','1-20-06-0015','agungkm34@gmail.com'),
(16,'Prasetyo A.md','Peserta','1-20-06-0016','Prasetyo346@gmail.com'),
(17,'DANIEL ANDREW SOEBIANTO','Peserta','1-20-06-0017','danielsoebianto211@gmail.com'),
(18,'RENDIAWAN, ST','Peserta','1-20-06-0018','rendiawan79@gmail.com'),
(19,'FARHAN SEPTIANTO','Peserta','1-20-06-0019','farhanseptianto15@gmail.com'),
(20,'Rusly Kusuma Ghani Atha','Peserta','1-20-06-0020','Ruslikusuma.ga@gmail.com'),
(21,'MULYADI YUSWANDONO','Peserta','1-20-06-0021','yuswandono@gmail.com'),
(22,'Vicky Apriandana','Peserta','1-20-06-0022','Vickyapriandana@gmail.com'),
(23,'Muhammad Yafizham Irsya','Peserta','1-20-06-0023','yafizham65@gmail.com'),
(24,'Dini Aulia Rahmawaty, S.T.','Peserta','1-20-06-0024','dinirahmawaty@gmail.com'),
(25,'Ahmad Alvin Nuha','Peserta','1-20-06-0025','alvin250799@gmail.com'),
(26,'Ahdiar Aprianto','Peserta','1-20-06-0026','ahdiar.aprian@gmail.com'),
(27,'Nandar Kusnandar','Peserta','1-20-06-0027','nandarkusnandar68@gmail.com'),
(28,'Muhammad Prayogane, S.T.','Peserta','1-20-06-0028','mprayogane@gmail.com'),
(29,'Bugie Rastapi Iskandar','Peserta','1-20-06-0029','bugie.bug91@gmail.com'),
(30,'Bagus Rahmat Baski','Peserta','1-20-06-0030','labuji_bpiu2k@yahoo.com'),
(31,'Muhammad Rezal','Peserta','1-20-06-0031','muhrezal99@gmail.com'),
(32,'DEDDY SEPTIAN','Peserta','1-20-06-0032','didingseptian@gmail.com'),
(33,'Julia isti anatunnisa','Peserta','1-20-06-0033','Juliaistia25@gmail.com'),
(34,'Ammarullah Safiyanto Putra','Peserta','1-20-06-0035','putraamar8@gmail.com'),
(35,'Aghnia Darajatun Dwihandini','Peserta','1-20-06-0036','aghniadarajatun@gmail.com'),
(36,'Sekar Putri Budi Kinanti','Peserta','1-20-06-0037','sekarputri134@gmail.com'),
(37,'Handi Harivan, ST, MM','Peserta','1-20-06-0038','handi.harivan@kiec.co.id'),
(38,'Salsabila Miyazumi Amri','Peserta','1-20-06-0039','salsabila15amri@gmail.com'),
(39,'Adisthi Prihayuninta','Peserta','1-20-06-0040','adisthiprihayuninta@gmail.com'),
(40,'Amy Wadu','Peserta','1-20-06-0041','awdcvl@gmail.com'),
(41,'Aprilio yoga utomo','Peserta','1-20-06-0042','aprilyoga.15@gmail.com'),
(42,'Harasa Ramdhany Pasin','Peserta','1-20-06-0043','harasadhany@gmail.com'),
(43,'Ir. Revo L. Inkiriwang, MT','Peserta','1-20-06-0044','revo.inkiriwang@unsrat.ac.id'),
(44,'Dharwati P. Sari, S.T., M.T., M.Sc.','Peserta','1-20-06-0045','dharwati.p.sari@gmail.com'),
(45,'Sharon Victorya Rori','Peserta','1-20-06-0046','sharonrori11@gmail.com'),
(46,'JULAIKAH','Peserta','1-20-06-0047','julaikah29@gmail.com'),
(47,'Mega Selviana','Peserta','1-20-06-0048','eegaselviana@gmail.com'),
(48,'Andry Renaldy Pandie, S.T., M.SAe.','Peserta','1-20-06-0050','andrepandie007@gmail.com'),
(49,'Ade Putra Triyangoro','Peserta','1-20-06-0051','ade.putra.t766@gmail.com'),
(50,'Kevin Muhammad Ardiansyah','Peserta','1-20-06-0052','kevinmhad12@gmail.com'),
(51,'Pandu K. Utomo, S.T., M.Sc.','Peserta','1-20-06-0053','pandukutomo@gmail.com'),
(52,'FRIMUNGGA TERRY PANGESTA','Peserta','1-20-06-0054','terrypasi38@gmail.com'),
(53,'Danny Steven Poluan, ST','Peserta','1-20-06-0055','dannystevenpoluan@gmail.com'),
(54,'HENRY, S.T., M.T., A.MP, C.P.C.L.E, CCMs','Peserta','1-20-06-0056','hen_ryanz@yahoo.co.id'),
(55,'Ir. Juli Hendrianto, ST. IPM','Peserta','1-20-06-0057','juli_kaltim@yahoo.co.id'),
(56,'Win Endriyanti','Peserta','1-20-06-0058','win2573@gmail.com'),
(57,'Achmad Rofi Khoiri','Peserta','1-20-06-0059','achmadrofikhoiri911@gmail.com'),
(58,'Wahyu Prasetyo, ST, MT','Peserta','1-20-06-0060','wahyu.prasetyo@ymail.com'),
(59,'ISTIQOMAH','Peserta','1-20-06-0061','istiqomah270498@gmail.com'),
(60,'Ahmad Fahrul Fauzi','Peserta','1-20-06-0062','fahrulfazi20@gmail.com'),
(61,'Subrata Aditama K.A.Uda','Peserta','1-20-06-0063','subrataaditama78@gmail.com'),
(62,'Veronika Happy Puspasari, ST., MT.','Peserta','1-20-06-0064','vhappy75@gmail.com'),
(63,'agus setiawan','Peserta','1-20-06-0065','setiawan.202019@gmail.com'),
(64,'Bambang Aziz Wahyu Dharmawan','Peserta','1-20-06-0066','bambang.aziz@gmail.com'),
(65,'Hadi Wibowo','Peserta','1-20-06-0067','hadi90.asphalt@gmail.com'),
(66,'Muhammad Bagus Panuntun','Peserta','1-20-06-0068','bagusaku63@gmail.com'),
(67,'RA Yudi Aningtyas ST MSi','Peserta','1-20-06-0069','yudianingtyas@gmail.com'),
(68,'MEDIANA DESFITA, ST.MT','Peserta','1-20-06-0070','mediana.desfita@yahoo.com'),
(69,'Handy Muharam Nataprawira','Peserta','1-20-06-0071','handymn155@gmail.com'),
(70,'Ahmad Firdaus, A.Md.T.K','Peserta','1-20-06-0072','ahmfirdaus7721@gmail.com'),
(71,'ALDILLA PUTRI SUSILAWATI','Peserta','1-20-06-0073','aldilla.psusilawati@kiec.co.id'),
(72,'Hendy Ardhian Candra, S.T., M.T.','Peserta','1-20-06-0074','hendy.ardhian93@gmail.com'),
(73,'subkhan, ST, MPSDA','Peserta','1-20-06-0075','subkhan@waskitaco.id'),
(74,'I Made Widnyana Parwatha','Peserta','1-20-06-0076','dusbali@yahoo.com'),
(75,'Agung Hari Nugroho','Peserta','1-20-06-0077','agungharin@gmail.com'),
(76,'Tri Ari Wibowo','Peserta','1-20-06-0078','triariwibowo885@gmail.com'),
(77,'Antonius Henry Eka Susanto','Peserta','1-20-06-0079','antoniushenry1@gmail.com'),
(78,'Anjar Nurrohman','Peserta','1-20-06-0080','anjarnurrohman11@gmail.com'),
(79,'Erwin Sugiarto','Peserta','1-20-06-0081','erwin@cementaid.co.id'),
(80,'BASRIANSYAH, ST, MT','Peserta','1-20-06-0082','basriansyah049@gmail.com'),
(81,'Maria Ruth Sandyana Harianja','Peserta','1-20-06-0083','mariaruthsandyana@gmail.com'),
(82,'Dian Adi Perdana','Peserta','1-20-06-0084','dianadiperdana@gmail.com'),
(83,'GALANG RINO BARIANGGORO','Peserta','1-20-06-0085','Galangrino36@gmail.com'),
(84,'Windy Fitriastuti Nurcahyani','Peserta','1-20-06-0086','windyfitrias22@gmail.com'),
(85,'endit wardito','Peserta','1-20-06-0087','Endit Wardito'),
(86,'Ardianto Wahyu Dewanto, ST MM','Peserta','1-20-06-0088','yoshi.ardianto@gmail.com'),
(87,'Indragiri Jatikusuma','Peserta','1-20-06-0089','indragiri.jatikusuma@gmail.com'),
(88,'Hery, ST','Peserta','1-20-06-0090','hery141@gmail.com'),
(89,'ATIKA WAEL,ST,,MT','Peserta','1-20-06-0091','tikahitu@gmail.com'),
(90,'RANGGA SUSENO','Peserta','1-20-06-0092','rangga.suseno96@gmail.com'),
(91,'Agung Wibowo','Peserta','1-20-06-0093','agungwb03@gmail.com'),
(92,'Ahmad Riyadinal Ridzky','Peserta','1-20-06-0094','Ariyadinal@gmail.com'),
(93,'Muhammad Yuniarta Iswandi Putra','Peserta','1-20-06-0095','myuniarta@gmail.com'),
(94,'Lutfi Atqurbi Agung Rohadi','Peserta','1-20-06-0096','atqurbi.lutfi122@gmail.com'),
(95,'RIKA REFSI ROFIQOH RAMBE','Peserta','1-20-06-0097','Rrefsirofiqohrambe@gmail.com'),
(96,'Abid Giandry Dewa Bayuwi','Peserta','1-20-06-0098','abidgiandry94@gmail.com'),
(97,'Muhammad Fauzi Novrizaldy','Peserta','1-20-06-0099','mfauzinovrizaldy@yahoo.com'),
(98,'REVITA TASHA AYUNINGRUM','Peserta','1-20-06-0100','revitashaa@gmail.com'),
(99,'Asep Saefudin, S.T., M.T.','Peserta','1-20-06-0101','sersansatu1963@gmail.com'),
(100,'Arief Budiarto ST IAI','Peserta','1-20-06-0102','ardinata.arsitek@gmail.com'),
(101,'Ivan Andre Rahardian','Peserta','1-20-06-0103','ivanandre94@gmail.com'),
(102,'Mulyadi Abdul Wahid','Peserta','1-20-06-0104','mulyadi.wbn@gmail.com'),
(103,'Ida Dewi Riyani','Peserta','1-20-06-0105','civilida@gmail.com'),
(104,'IKHSYAN YUKHRI PRABOWO','Peserta','1-20-06-0106','YUKHRIKATO@GMAIL.COM'),
(105,'M. Hendy Saputra, S.ST','Peserta','1-20-06-0107','hendybabel@gmail.com'),
(106,'Adelia Citra Ayu Fathieyasina','Peserta','1-20-06-0108','adeliacitraayu21@gmail.com'),
(107,'Dieva Marieska Adhiyanti','Peserta','1-20-06-0109','dieva.marieska@gmail.com'),
(108,'Hendra Suryana','Peserta','1-20-06-0110','hendrasuryana.safety@gmail.com'),
(109,'Dr. Ir. Putri Lynna A. Luthan, M.Sc., IPM','Peserta','1-20-06-0111','putri.lynna@unimed.ac.ud'),
(110,'Rizky Kurniawan, ST','Peserta','1-20-06-0112','nauky.xx@gmail.com'),
(111,'TEGUH SUDIRWAN YUDA PUTRA A.mdT','Peserta','1-20-06-0113','sudirwan82@gmail.com'),
(112,'Betty 0ne William, ST','Peserta','1-20-06-0114','bettyonewilliam1011@gmail.com'),
(113,'Lia Amelia Megawati, S.Pd., M.T.','Peserta','1-20-06-0115','liaameliamegawati@gmail.com'),
(114,'ARDI NOOR WICAKSANA','Peserta','1-20-06-0116','ARDEKNOORW@GMAIL.COM'),
(115,'Dwi Martono, ST','Peserta','1-20-06-0117','dwimart0nz@gmail.com'),
(116,'Dewi Ayu Ardistya','Peserta','1-20-06-0118','dewiayu1274@gmail.com'),
(117,'Agastyasa Ghea Amarta, S.Tr.T','Peserta','1-20-06-0119','agastyasa.ghea.mtri19@polban.ac.id'),
(118,'Gatot wardhana, ST','Peserta','1-20-06-0120','wardhanagatot@gmail.com'),
(119,'Agus Priyanto','Peserta','1-20-06-0121','agus.dejavu@gmail.com'),
(120,'Vinda Prisma Febyola Rahayu','Peserta','1-20-06-0122','prismavinda@gmail.com'),
(121,'AHMAD PANJI RAMADHAN','Peserta','1-20-06-0123','ahmadpanjiramadan@gmail.com'),
(122,'Adniwan Shubhi Banuzaki','Peserta','1-20-06-0124','zakiadniwan@gmail.com'),
(123,'Nabila Islamaiya Alhadar','Peserta','1-20-06-0125','nabilaalhadar2811@gmail.com'),
(124,'Feny Febrian Pratiwi','Peserta','1-20-06-0126','Fenyfebrianpratiwi5@gmail.com'),
(125,'Rizki Dwi Baskara','Peserta','1-20-06-0127','rizkidwibaskara@yahoo.co.id'),
(126,'YULIANTI','Peserta','1-20-06-0128','yulianti723@gmail.com'),
(127,'Yohan Handoko','Peserta','1-20-06-0129','yohan.handoko@hutamakarya.com'),
(128,'Mohamad Alfin Ramadhani','Peserta','1-20-06-0130','Mohamad.alfinramadhani.tm16@mhsw.pnj.ac.id'),
(129,'Arum Devi Alriantana','Peserta','1-20-06-0131','arumdevi69@gmail.com'),
(130,'Krishna Mochtar','Peserta','1-20-06-0132','kmochtar3@yahoo.com'),
(131,'Megi Andarista','Peserta','1-20-06-0133','andaristamegi@gmail.com'),
(132,'Rabiya','Peserta','1-20-06-0134','Rabiyabia91@gmail.com'),
(133,'Agus Kurniawan, SH, MM, CPSp, CPCLE, CPLC0','Peserta','1-20-06-0135','aguskurniawan1966@gmail.com'),
(134,'MUTIARA DWI PUTRI ANDRIANI','Peserta','1-20-06-0136','mutiara.dwiputri26@gmail.com'),
(135,'DEO PRATAMA PRAYITNO','Peserta','1-20-06-0137','deopratama57@yahoo.co.id'),
(136,'Indra Kurniawan Saputra','Peserta','1-20-06-0138','saputrakurniawan27@gmail.com'),
(137,'Muhammad Fauzan Irsyad','Peserta','1-20-06-0139','fznirsyad@gmail.com'),
(138,'YOSEPH NAVRANDINATA PAKAANG, ST.','Peserta','1-20-06-0140','navrandinata.pupr18@gmail.com'),
(139,'Rosya Putri Syahmimi, ST','Peserta','1-20-06-0141','rosyaptr@gmail.com'),
(140,'Bagas Viqi Allan','Peserta','1-20-06-0142','bagasviqi@gmail.com'),
(141,'Akmal Khoiru Zaman','Peserta','1-20-06-0143','akmalkhoiru289@gmail.com'),
(142,'Agustinus Ile Sukun','Peserta','1-20-06-0144','agustinus_ile@yahoo.com'),
(143,'Eko Nurachmat Wibowo','Peserta','1-20-06-0145','nurachmat_arch@yahoo.co.id'),
(144,'Ajeng Dewi Rani','Peserta','1-20-06-0146','ajengdewirani08@gmail.com'),
(145,'Muhammad Zakir, S.T','Peserta','1-20-06-0147','muhammadzakir31@gmail.com'),
(146,'Nathania Yosephine Sumampouw','Peserta','1-20-06-0148','Yosephine.nathania@gmail.com'),
(147,'Monalisa','Peserta','1-20-06-0149','monaaamomon@gmail.com'),
(148,'FAJAR','Peserta','1-20-06-0150','fajarismail588@gmail.com'),
(149,'Almuntofa Purwantoro','Peserta','1-20-06-0151','almuntofa.p@gmail.com'),
(150,'Diana Mayasari.S.Kom.,MT','Peserta','1-20-06-0152','mayasaridiana8@gmail.com'),
(151,'Junaidi','Peserta','1-20-06-0153','junaidipiliang09@gmail.com'),
(152,'Ir. Agnes Tekla Mandagi, MT','Peserta','1-20-06-0154','atmandagi@gmail.com'),
(153,'Citra Michelle Cahyaningtyas','Peserta','1-20-06-0155','citramichelle99.cm@gmail.com'),
(154,'PAMELLA M SRI REZEKI, S.TR.T.','Peserta','1-20-06-0156','pamellameidina@gmail.com'),
(155,'Heri Anggaradi','Peserta','1-20-06-0157','heriangga11@gmail.com'),
(156,'Syahril Idris. S.T., M.SP','Peserta','1-20-06-0158','syahril_idris@yahoo.co.id'),
(157,'Riza Apriansah','Peserta','1-20-06-0159','riza.apriansah@gmail.com'),
(158,'Indra, S.KM','Peserta','1-20-06-0160','cinta_atira@yahoo.co.id'),
(159,'Farah Amrina, S.T.','Peserta','1-20-06-0161','farah.amrina97@gmail.com'),
(160,'Ipan Juanda','Peserta','1-20-06-0162','ipan.djuanda@gmail.com'),
(161,'Mohamad Amar Faiz','Peserta','1-20-06-0163','mhd.faiz15@gmail.com'),
(162,'Dyah Ayu Utami','Peserta','1-20-06-0164','dyah.ayu.utami97@gmail.com'),
(163,'Windi','Peserta','1-20-06-0165','windi@pelitabangsa.ac.id'),
(164,'Febri Haryadi','Peserta','1-20-06-0166','Sifebriharyadi@gmail.com'),
(165,'Wisnu Adi Prasetya, S.T','Peserta','1-20-06-0167','wisnu.st.mt@gmail.com'),
(166,'Febry Sri Wibowo','Peserta','1-20-06-0168','sriwibowofebry@gmail.com'),
(167,'Tia Sugiri','Peserta','1-20-06-0169','sugiri.tia2@gmail.com'),
(168,'Joshua Situmorang','Peserta','1-20-06-0170','josuasitumorang11@gmail.com'),
(169,'HEROE DJATMIKO','Peserta','1-20-06-0171','heroedjatmiko1@gmail.com'),
(170,'SUBANDI','Peserta','1-20-06-0172','subandi.mardji@gmail.com'),
(171,'Freddy Hidayat, S.H., M.H.','Peserta','1-20-06-0174','fr333dy@gmail.com'),
(172,'Naufal Himawan`','Peserta','1-20-06-0175','naufal.himawan26@gmail.com'),
(173,'IGHFARULLOH DWI CAHYA','Peserta','1-20-06-0176','ighfarullohdwicahya@gmail.com'),
(174,'Wilda Cahya Ramadhita','Peserta','1-20-06-0177','wildacahyaramadhita98@gmail.com'),
(175,'Chindiani Rawambaku','Peserta','1-20-06-0178','chindianyrawambaku@gmail.com'),
(176,'Dodo vernanda yulian putra','Peserta','1-20-06-0179','Dodoovernanda14@gmail.com'),
(177,'Aldo Wirastana Adinegara','Peserta','1-20-06-0180','aldowiranegara@gmail.com'),
(178,'MUHAMMAD APRIAN INDRA KUSUMA','Peserta','1-20-06-0181','aprian12ik@gmail.com'),
(179,'Muhammad Nurashila Bahriawan, S.T.','Peserta','1-20-06-0182','irhamnurashila@gmail.com'),
(180,'Rivanda Chandra Firmansyah','Peserta','1-20-06-0183','rivandachandra19@gmail.com'),
(181,'Nasrul mustafid','Peserta','1-20-06-0184','mustafidnasrul.14@gmail.com'),
(182,'Yogi Dadang Sulasmanah','Peserta','1-20-06-0185','yoginich@yahoo.com'),
(183,'Febriana Isnaini','Peserta','1-20-06-0187','febriana2826@gmail.com'),
(184,'Fathurrahim, ST','Peserta','1-20-06-0188','ahm.5556@gmail.com'),
(185,'Kusti Padlia','Peserta','1-20-06-0189','kustipadlia12@gmail.com'),
(186,'Yoga Apriabto Harsoyo','Peserta','1-20-06-0190','yogaharsoyo@gmail.com'),
(187,'Aldella Rihza Bahctiar','Peserta','1-20-06-0191','rihzabahctiar999@gmail.com'),
(188,'DIAN UTAMA PRATIWI PUTRI, S.KEP., M.KES','Peserta','1-20-06-0192','dian@umitra.ac.id'),
(189,'Albert Anwar, ST','Peserta','1-20-06-0193','albertanwar79@gmail.com'),
(190,'Doli Syawaluddin Siregar','Peserta','1-20-06-0194','doli.regars@gmail.com'),
(191,'Dhini Fatimah A. Md. T','Peserta','1-20-06-0195','dhini.fatimah09@gmail.com'),
(192,'Hendri Prakoso','Peserta','1-20-06-0196','Hendri Prakoso'),
(193,'Robertus Kresnawan','Peserta','1-20-06-0197','robertus.kresnawan@gmail.com'),
(194,'Hetty Fadriani, ST., MT','Peserta','1-20-06-0198','hetty_hf@yahoo.co.id'),
(195,'Syarifah Keumala Intan','Peserta','1-20-06-0199','intan003@yahoo.com'),
(196,'Julio Pratama Mamana Kaban','Peserta','1-20-06-0200','juliokbn07@gmail.com'),
(197,'LATIF PRIYADI, S.Si','Peserta','1-20-06-0201','latiffiero@gmail.com'),
(198,'Syawaluddin Alim','Peserta','1-20-06-0202','syawaluddinalim@gmail.com'),
(199,'Sofyan Nur Amin','Peserta','1-20-06-0203','sofyannuramin@gmail.com'),
(200,'FAMUJI LESTARI','Peserta','1-20-06-0204','famujilestari85@gmail.com'),
(201,'Nova Nur Rahmawati','Peserta','1-20-06-0205','novarahma561@gmail.com'),
(202,'Dwi Satio Permono','Peserta','1-20-06-0206','dwisatio2020@gmail.com'),
(203,'Danang Joyo Nugroho','Peserta','1-20-06-0207','danangjoyonugroho@gmail.com'),
(204,'Nelda Maelissa, ST., MT','Peserta','1-20-06-0208','maelissanelda@gmail.com'),
(205,'Achmad Dhafa Rayhan Irchamsyah','Peserta','1-20-06-0209','139dhafarayhan@gmail.com'),
(206,'Putri Nadia Anastiti, A.Md','Peserta','1-20-06-0210','putrinadiarm@gmail.com'),
(207,'Aleksius Mitan','Peserta','1-20-06-0211','aleksiusmitan@gmail.com'),
(208,'Ratna Ayu Aulia A.Md','Peserta','1-20-06-0212','ratnaaylia@gmail.com'),
(209,'Ir. Kusdiyanto','Peserta','1-20-06-0213','kdiyan2009@gmail.com'),
(210,'Hengki Muliawan Silalahi','Peserta','1-20-06-0214','hengki.silalahi2@gmail.com'),
(211,'Iskandar S, ST','Peserta','1-20-06-0215','iskandarzaza88@gmail.com'),
(212,'Prof. Bambang Istijono','Peserta','1-20-06-0216','bistijono@gmail.com'),
(213,'Irpan Septian','Peserta','1-20-06-0217','message.irpan@gmail.com'),
(214,'R. Ari Sigit Kartono, ST','Peserta','1-20-06-0218','radensigitkartono@gmail.com'),
(215,'Gigih Wahyu Pratama','Peserta','1-20-06-0219','gigihwahyu9@gmail.com'),
(216,'Wiliyanti','Peserta','1-20-06-0220','citrasarinew@gmail.com'),
(217,'Ishma Hanun Nabila','Peserta','1-20-06-0222','ishmahanunnabila@rocketmail.com'),
(218,'Agustina Slow Dakia Manurung, S.S.T.,M.Tr.T.','Peserta','1-20-06-0223','manurungagustina99@yahoo.com'),
(219,'Preisy G. Kaeng, S.T','Peserta','1-20-06-0224','kaengpraisy@gmail.com'),
(220,'Luthfi Muhammad Mauludin','Peserta','1-20-06-0225','lmauludin@gmail.com'),
(221,'Achmad Vidy Ismaya','Peserta','1-20-06-0226','achmadvidyismaya87@gmail.com'),
(222,'wahyu herry s','Peserta','1-20-06-0227','wahyuherrys@gmail.com'),
(223,'Morin Morissa Lumbantoruan, S.S.T.','Peserta','1-20-06-0228','morin.rissa@yahoo.com'),
(224,'Nasron Azizan','Peserta','1-20-06-0229','aconijan@gmail.com'),
(225,'HENDRY, Dipl.Ing.HTL, MT.','Peserta','1-20-06-0230','hendry@polban.ac.id'),
(226,'Dr. Nathanael Sitanggang, S.T., MPd., IPM.','Peserta','1-20-06-0231','nathanael.sitanggang@gmail.com'),
(227,'Muhammad Ilham Badarrudin, S.T.','Peserta','1-20-06-0232','ilhambadarrudin1711@gmail.com'),
(228,'Ni Luh Putu Sintawati','Peserta','1-20-06-0233','ni.sintawati@bpk.go.id'),
(229,'Dewi Herawati','Peserta','1-20-06-0234','dewihrwt8@gmail.com'),
(230,'EDWIN IIK HERMAWAN','Peserta','1-20-06-0235','edwinhermawan2204@gmail.com'),
(231,'Ir Chandra Muchjanto ST.,MM.,IPM.,Asean Eng','Peserta','1-20-06-0236','chanmu97@yahoo.co.id'),
(232,'Ritman Miko Hartanto S.T','Peserta','1-20-06-0237','ritman.miko@gmail.com'),
(233,'Achmad Miftahul Asror','Peserta','1-20-06-0238','sanchezmiftahul@gmail.com'),
(234,'Yogi Fridayana, ST','Peserta','1-20-06-0239','demayoo@yahoo.com'),
(235,'NASFRYZAL CARLO','Peserta','1-20-06-0240','carlo@bunghatta.ac.id'),
(236,'ADITIYA','Peserta','1-20-06-0241','rezaaditiya803@gmail.com'),
(237,'Fahrus Salam','Peserta','1-20-06-0242','Fahruss15@gmail.com'),
(238,'Lisnawati','Peserta','1-20-06-0243','lisnawati2845@gmail.com'),
(239,'Joko Sutrisno, S.St.Pi','Peserta','1-20-06-0244','djokosutrisno82@gmail.com'),
(240,'Akhmad Abrar A H','Peserta','1-20-06-0245','a.abror.ah@gmail.com'),
(241,'Christofel P. Simanjuntak, Ir., M.Si','Peserta','1-20-06-0246','christofel.partogi@totalbp.com'),
(242,'Nova Avtar','Peserta','1-20-06-0247','novaavtar@gmail.com'),
(243,'Agus Sahari','Peserta','1-20-06-0248','agussahari78@gmail.com'),
(244,'Indriasari, ST., MT.','Peserta','1-20-06-0249','indri0373@ymail.com'),
(245,'Ir. Suryawan Murtiadi, M.Eng., Ph.D.','Peserta','1-20-06-0250','s.murtiadi@unram.ac.id'),
(246,'FELIA RAMADHANTI','Peserta','1-20-06-0251','feliaramadhanti@gmail.com'),
(247,'Asri Restu Suryaningtyas','Peserta','1-20-06-0252','arestusrya144@gmail.com'),
(248,'ARIFIN','Peserta','1-20-06-0253','Arifinjakarta35@gmail.com'),
(249,'hasan rosadi','Peserta','1-20-06-0254','hsnrsd@gmail.com'),
(250,'Dwi Chandra Maulana','Peserta','1-20-06-0255','dwichandramaulana26@gmail.com'),
(251,'DEDY JUNAEDI SAID, ST','Peserta','1-20-06-0256','dthkzp@gmail.com'),
(252,'ACHYAT BR, ST.','Peserta','1-20-06-0257','achyatbr@gmail.com'),
(253,'KHAERIL ANWAR, SH','Peserta','1-20-06-0258','Khaerilanwar166@gmail.com'),
(254,'Arief Rijaluddin, ST., MT','Peserta','1-20-06-0259','arief_rijaluddin@unma.ac.id'),
(255,'Alfonsius F. Endo','Peserta','1-20-06-0260','madridenoll@gmail.com'),
(256,'ACHMAD IMAMUL HARUMAIN, ST','Peserta','1-20-06-0261','achmadimamul@gmail.com'),
(257,'Octa Agung Nugroho, SE, Ak, CA, QIA','Peserta','1-20-06-0262','octaagung@yahoo.com'),
(258,'Hendi Ramdani, ST.','Peserta','1-20-06-0263','hendi.rdi@gmail.com'),
(259,'FAJAR ANJAS ASMORO','Peserta','1-20-06-0264','fajar_anjasmoro@yahoo.com'),
(260,'Lalu Sukarta Zulvikarsyah, S.St.Pi','Peserta','1-20-06-0265','lalusukartaz@gmail.com'),
(261,'Ilham Hidayat','Peserta','1-20-06-0266','Edelwiskm@gmail.com'),
(262,'AFIFAH SARI RAMADHANI ZAINAL','Peserta','1-20-06-0267','afifahsari18@gmail.com'),
(263,'PANJI BUANA PRATAMA','Peserta','1-20-06-0268','panji.bpratama@kiec.co.id'),
(264,'Habil Sabilal Huda','Peserta','1-20-06-0269','habilsabilalhuda@gmail.com'),
(265,'Wahyu Hari Purnomo Jaini, ST','Peserta','1-20-06-0270','wahyu.061@gmail.com'),
(266,'FAHMI AL CHODRI','Peserta','1-20-06-0271','alchodrifahmi@gmail.com'),
(267,'Herdaru purnomo','Peserta','1-20-06-0272','Herubom9@gmail.com'),
(268,'ACHMAD ROHADI','Peserta','1-20-06-0273','achmadrohadi14@gmail.com'),
(269,'iqbal gunawan','Peserta','1-20-06-0274','iqgun700@gmail.com'),
(270,'Ir. Indra Farni, M.T.','Peserta','1-20-06-0275','indrafarni@yahoo.com'),
(271,'Hanafi A.Md.','Peserta','1-20-06-0276','Hanafidge@gmail.com'),
(272,'Ernaldo Citra Tampubolon, ST','Peserta','1-20-06-0277','bhuzcok@gmail.com'),
(273,'Nariah Safira','Peserta','1-20-06-0278','safiranariah@gmail.com'),
(274,'Novriady','Peserta','1-20-06-0279','novriady303@gmail.com'),
(275,'yermia kons nitti','Peserta','1-20-06-0280','yeremiakons@gmail.com'),
(276,'Shinta Sukmaningsih','Peserta','1-20-06-0281','shintasukma3.ss@gmail.com'),
(277,'Ari Setia','Peserta','1-20-06-0282','ariiist1108@gmail.com'),
(278,'DIAN PURNA DIRGANTARA, ST.','Peserta','1-20-06-0283','depedirgantara@yahoo.com'),
(279,'Priska Ika Oktaviana, ST','Peserta','1-20-06-0284','priskaoctav@gmail.com'),
(280,'HERLINA DIAH UTAMI','Peserta','1-20-06-0285','herlinadiahutami@gmail.com'),
(281,'Billy Rudy Pratama','Peserta','1-20-06-0286','billyrdp@gmail.com'),
(282,'TRIYAS NUGROHO','Peserta','1-20-06-0287','tryas.nugroho@gmail.com'),
(283,'Ramdan Muhdi Setiawan','Peserta','1-20-06-0288','ramdanmuhdi@gmail.com'),
(284,'MARTUA SIAGIAN, ST','Peserta','1-20-06-0289','martuasiagian72@gmail.com'),
(285,'Qorina Hayati','Peserta','1-20-06-0290','qorina.hayati.8080@gmail.com'),
(286,'Ahmad Yani, ST.','Peserta','1-20-06-0291','yani6873@gmail.com'),
(287,'Rama raeyhan zeindhika cheprian','Peserta','1-20-06-0292','Ramaraeyhanzeindhikacheprian25@gmail.com'),
(288,'Adina Shinta Arifah','Peserta','1-20-06-0293','adinashinta@gmail.com'),
(289,'Ir. Anthoneta Maitimu ST, MT','Peserta','1-20-06-0294','maitimuanet@gmail.com'),
(290,'Adi Kurnia Indah Tandilino','Peserta','1-20-06-0295','lilithatandilino1994@gmail.com'),
(291,'MOHAMAD AINU NDAR','Peserta','1-20-06-0296','kangmas.ainunbasyaiban@gmail.com'),
(292,'Muhammad Afif Shofwan Muharom','Peserta','1-20-06-0297','muhammadafif80@gmail.com'),
(293,'Mohammad Komarudin, ST','Peserta','1-20-06-0298','refi.inkindo@gmail.com'),
(294,'Megawati','Peserta','1-20-06-0299','megawati34347@gmail.com'),
(295,'Dra DHARU DEWI, M.Si','Peserta','1-20-06-0300','dharudewi65@gmail.com'),
(296,'Fernando Parlindungan Sitorus','Peserta','1-20-06-0301','tulang_ndo@yahoo.com'),
(297,'ALFAN NASRUL HAQ','Peserta','1-20-06-0302','alfannasrulhaq13@gmail.com'),
(298,'FEBRIA LISTINA,SKM.,M.Kes','Peserta','1-20-06-0303','febria@umitra.ac.id'),
(299,'Reynaldi Syarifuddin','Peserta','1-20-06-0304','reynaldisyarifuddin@gmail.com'),
(300,'M. Ade muiz alfanani','Peserta','1-20-06-0305','Alfananimuis@gmail.com'),
(301,'Adwitya Bhaskara, S.T.,M.T.','Peserta','1-20-06-0306','adwityabhaskara7@gmail.com'),
(302,'Ir. Satriagus Sy','Peserta','1-20-06-0307','satriasaranamandiriconsultant@yahoo.com'),
(303,'MUSTIKA JUNI TRIASNINGRUM','Peserta','1-20-06-0308','mustikajtrias@gmail.com'),
(304,'Agustinus Lukito Putro','Peserta','1-20-06-0309','lukitoputro80@gmail.com'),
(305,'Andika Setiawan','Peserta','1-20-06-0310','andikas194@gmail.com'),
(306,'TIA SULISTIANI','Peserta','1-20-06-0311','sulistianitia98@gmail.com'),
(307,'Ary Julia harini','Peserta','1-20-06-0312','ary.jharini@kiec.co.id'),
(308,'Intan Ramadhan','Peserta','1-20-06-0313','intanramadhan24@gmail.com'),
(309,'Amanda Wulansari','Peserta','1-20-06-0314','amandawulansari28@gmail.com'),
(310,'SULAIMAN, ST., IPP','Peserta','1-20-06-0315','sulaiman.pnpm@gmail.com'),
(311,'ILHAM NUR ZAMAN','Peserta','1-20-06-0316','ilhamnurzaman21@gmail.com'),
(312,'TRIAN NOVANSYAH, S.T.','Peserta','1-20-06-0317','trian.novansyah@gmail.com'),
(313,'Lidya Dwi Astuti','Peserta','1-20-06-0318','lidyadwiastuti@gmail.com'),
(314,'Faisal Reza Pahlevi','Peserta','1-20-06-0319','faridattallah1807@gmail.com'),
(315,'Husain Usman,ST','Peserta','1-20-06-0320','husainusman84@gmail.com'),
(316,'Siti Nurul Hijah','Peserta','1-20-06-0321','nurulhijah.nh@gmail.com'),
(317,'Ahmad, S.T., M.T.','Peserta','1-20-06-0322','ahmadprodigi@gmail.com'),
(318,'Ir. Eko Suliyanto, MBA','Peserta','1-20-06-0323','suliyantoeko@gmail.com'),
(319,'Agung Nusantoro, ST, MT.','Peserta','1-20-06-0324','agungnusantoro@umpwr.ac.id'),
(320,'Dr. Syahril, BSCE., MT.','Peserta','1-20-06-0325','syahril_polban@yahoo.com'),
(321,'Ir. Abd. Waris, MT','Peserta','1-20-06-0326','abdwaris65@gmail.com'),
(322,'Hana Septianasari','Peserta','1-20-06-0327','Hanaseptianasari14@gmail.com'),
(323,'Jhohanes Very Michael','Peserta','1-20-06-0328','jhohanesdamanik@gmail.com'),
(324,'Ayu Rahmani','Peserta','1-20-06-0329','ayura3009@gmail.com'),
(325,'Vivi Yayang Martika','Peserta','1-20-06-0330','Viyangmartika@gmail.com'),
(326,'Haris Budianto','Peserta','1-20-06-0331','pestatujuh@gmail.com'),
(327,'Arief Bachtillah','Peserta','1-20-06-0332','bachtillaharief@gmail.com'),
(328,'Rahmita Indah Pratiwi','Peserta','1-20-06-0333','rahmitaindah40@gmail.com'),
(329,'SETIA DARMAWAN','Peserta','1-20-06-0334','setiadarmawan99@gmail.com'),
(330,'SJAFRUDIN LATAR, ST., M.Eng','Peserta','1-20-06-0335','sjafrudin.latar07@gmail.com'),
(331,'Aspiani, ST, MT','Peserta','1-20-06-0336','ephy.2104@yahoo.co.id'),
(332,'Danan Wijaya Sakti','Peserta','1-20-06-0337','dananws@gmail.com'),
(333,'Ir. Banta Chairullah, M.Ing., IPU.','Peserta','1-20-06-0338','chairullah_bant79@unsyiah.ac.id'),
(334,'Adji Dwipawarman','Peserta','1-20-06-0339','dwipawarman@yahoo.com'),
(335,'Dimas Adi Saputra','Peserta','1-20-06-0340','dimasasitbk@gmail.com'),
(336,'Dedi Sunendi','Peserta','1-20-06-0341','Sunendidedi@gmail.com'),
(337,'Eko Sugeng Widodo','Peserta','1-20-06-0342','ekosugeng78@gmail.com'),
(338,'Andre Pratama Situmorang','Peserta','1-20-06-0343','andrepratama110899@gmail.com'),
(339,'ABID NUR AFFANI','Peserta','1-20-06-0344','abid.recta@gmail.com'),
(340,'Lutfi Huda Barasuna, S.ST','Peserta','1-20-06-0345','barasuna@waskita.co.id'),
(341,'Ficky Marcellino Oroh,ST','Peserta','1-20-06-0346','fickyoroh19@gmail.com'),
(342,'Yohanes Dwi Cahyo','Peserta','1-20-06-0347','dwiyohanes2@gmail.com'),
(343,'Oktaviana Lotu Un Manek','Peserta','1-20-06-0348','oktavianamanek79@gmail.com'),
(344,'SITI AYU MARIYAM','Peserta','1-20-06-0349','ayumariyam112@gmail.com'),
(345,'Marelia monita','Peserta','1-20-06-0350','Mareliamonita24@gmail.com'),
(346,'Oka Raka Kuswanda','Peserta','1-20-06-0351','okaraka26sholeh@gmail.com'),
(347,'Diah Alifah Sukma','Peserta','1-20-06-0352','alifah.diah@gmail.com'),
(348,'NANA NOVARIANA, SKM., M.KES','Peserta','1-20-06-0353','linacute88@gmail.com'),
(349,'PURNAWAN BUDI SETIA,ST','Peserta','1-20-06-0354','threshold213@gmail.com'),
(350,'Bahrul Alam','Peserta','1-20-06-0355','bahrul.alam@kiec.co.id'),
(351,'Mufidin','Peserta','1-20-06-0356','moviedinit5@gmail.com'),
(352,'Sylviana J. Pelealu, SST., M.Ars','Peserta','1-20-06-0357','jeane.pelealu@ymail.com'),
(353,'A. Muh. Fadel Haris, ST','Peserta','1-20-06-0358','fadelharis04@gmail.com'),
(354,'M. Yusran Harpa','Peserta','1-20-06-0359','yusran.harpa@yahoo.co.id'),
(355,'Krishna Suryanto Pribadi','Peserta','1-20-06-0360','kspribadi@gmail.com'),
(356,'Muhammad Nahari Harahap, S.T','Peserta','1-20-06-0361','muhammadnahariharahap08@gmail.com'),
(357,'IMAM ARIF SAIFUDIN','Peserta','1-20-06-0362','imamarif156@gmail.com'),
(358,'Ester Arina Wardani','Peserta','1-20-06-0363','Arnestwardani@gmail.com'),
(359,'Elga Firnanda','Peserta','1-20-06-0364','elgafirnanda11@gmail.com'),
(360,'REZA SATRIA','Peserta','1-20-06-0365','Satria.r51@yahoo.com'),
(361,'Dr. Ir. Antono Damayanto, MMBAT','Peserta','1-20-06-0366','antono@ymail.com'),
(362,'Toni Setiawan Nuralim, S.T','Peserta','1-20-06-0367','tonisetiawann15@gmail.com'),
(363,'Dr.Hj.Hijriah,ST,MT.','Peserta','1-20-06-0368','hijriah_civil@ymail.com'),
(364,'Marchin Alfredo, ST','Peserta','1-20-06-0369','marchinalfredo@gmail.com'),
(365,'Fransisca Maria Farida','Peserta','1-20-06-0370','fransiscamf@gmail.com'),
(366,'Ir. Alfira Moensif, SE','Peserta','1-20-06-0371','iramoensif@gmail.com'),
(367,'Johannes Jusuf Wibisono','Peserta','1-20-06-0372','joesuwi77@gmail.com'),
(368,'Asniaty, ST, MT','Peserta','1-20-06-0373','nandyasti@yahoo.com'),
(369,'Dr.Ir.ISMIYATI, MS','Peserta','1-20-06-0374','ismi.quensha@gmail.com'),
(370,'WULAN FITRY HARDIYANTI, S.T.','Peserta','1-20-06-0375','wulanfitryh@gmail.com'),
(371,'Mohamad Rizki','Peserta','1-20-06-0376','mohamadrizki41@gmail.com'),
(372,'I Wayan Yadnya, ST','Peserta','1-20-06-0377','wayanyadnya01@gmail.com'),
(373,'Dimas Prasetyo Nugroho., S.P.W.K','Peserta','1-20-06-0378','Masteroldies@gmail.com'),
(374,'Fiddoh Maula Fatimah','Peserta','1-20-06-0379','fiddohmala@gmail.com'),
(375,'Rasyidah','Peserta','1-20-06-0380','Sayarasyidah20@gmail.com'),
(376,'Lia Rizkia Aprianti','Peserta','1-20-06-0381','liarizkiaaprianti@gmail.com'),
(377,'Ir. Rahmat Setyadi, MT.','Peserta','1-20-06-0382','rssetyadi2023@gmail.com'),
(378,'Andre Soeseno, S.TP','Peserta','1-20-06-0383','andrezoe889@gmail.com'),
(379,'Permata Endah Wulandari','Peserta','1-20-06-0384','permataendahwulandari@gmail.com'),
(380,'Suhartono','Peserta','1-20-06-0385','tonooce@gmail.com'),
(381,'AJENG SEPTYA PANGESTIKA','Peserta','1-20-06-0386','ajengsep12@gmail.com'),
(382,'ERWIN LUTHFI','Peserta','1-20-06-0387','erwin_luthfi@yahoo.co.id'),
(383,'Sempurna Bangun, ST., MT','Peserta','1-20-06-0388','sempurnabangun67@gmail.com'),
(384,'Ruth Bestria Hutagalung','Peserta','1-20-06-0389','ruthbestria@gmail.com'),
(385,'Siti Nurul Annisa Sudirman','Peserta','1-20-06-0390','sitinurulannisasudirman04@gmail.com'),
(386,'AFITA LOKA KUSUMA WARDANI','Peserta','1-20-06-0391','afitaloka28@gmail.com'),
(387,'Juhsenisto,ST.,MT','Peserta','1-20-06-0392','nistosapada@gmail.com'),
(388,'Sastra Wijaya','Peserta','1-20-06-0393','sastrawijaya0306@gmail.com'),
(389,'Helmi Arief Prianto','Peserta','1-20-06-0394','helmiariefprianto@gmail.com'),
(390,'SYUFRI RIYANTO, ST., MT','Peserta','1-20-06-0395','yansebuku@gmail.com'),
(391,'Melda Makka Sawe','Peserta','1-20-06-0396','Ozhil.mishil@gmail.com'),
(392,'JUSUF WILSON MEYNERD RAFAEL, S.T., M.T.','Peserta','1-20-06-0397','wilsonrafael.jtspnk@gmail.com'),
(393,'WILDAN FATHURIZQI','Peserta','1-20-06-0398','wildanfathurizqi99@gmail.com'),
(394,'Lintang Dian Artanti','Peserta','1-20-06-0399','lintangdianartanti@gmail.com'),
(395,'Reski Ayu Magfira','Peserta','1-20-06-0400','sudutepi@gmail.com'),
(396,'ORLANDO RICKY DANIEL, S.Tr.T','Peserta','1-20-06-0401','orlandoricky66@yahoo.com'),
(397,'BADRIATINNISAK','Peserta','1-20-06-0402','badriatinn@gmail.com'),
(398,'Sudarmawanty, Amd','Peserta','1-20-06-0403','sudarmawanty@gmail.com'),
(399,'WILLIAM HERU TRIAMAN ZALUKHU','Peserta','1-20-06-0404','Williamherutriamanzalukhu@gmail.com'),
(400,'Jaka Rahayu','Peserta','1-20-06-0405','jakarahayu123@gmail.com'),
(401,'Johanes Patrick Petter Sollar, ST','Peserta','1-20-06-0406','patrickpetter86@gmail.com'),
(402,'sheryn valery','Peserta','1-20-06-0407','sherynvlry2@yahoo.com'),
(403,'LUCKY NOVI ANGGARINI','Peserta','1-20-06-0408','kye84yu@gmail.com'),
(404,'GEBION LYSJE PAGORAY, ST. MT','Peserta','1-20-06-0409','gebi_pagoray78@yahoo.co.id'),
(405,'Bina Aji Nugraha, ST','Peserta','1-20-06-0410','bina.aji@gmail.com'),
(406,'Tintus Noviyanto','Peserta','1-20-06-0411','tintusnoviyanto@gmail.com'),
(407,'Ir. Nurfaizah Sjahril.MT','Peserta','1-20-06-0412','faizah_sjahril@yahoo.co.id'),
(408,'MIFTAHUL JANNAH','Peserta','1-20-06-0413','miftahuljannah060@gmail.com'),
(409,'Andre Oktavian Wijaya','Peserta','1-20-06-0414','andreoktavianwijaya@webmail.umm.ac.id'),
(410,'Sugiyarto, ST','Peserta','1-20-06-0415','sugiyartoak614@gmail.com'),
(411,'NUNIK HASRIYANTI','Peserta','1-20-06-0416','nunikpolnep@gmail.com'),
(412,'TRIYONO','Peserta','1-20-06-0417','triyono.972@gmail.com'),
(413,'RESTIAN NUR IKHSAN A.Md','Peserta','1-20-06-0418','restiannurikhsan@gmail.com'),
(414,'Aslam Jumain, S.T.','Peserta','1-20-06-0419','aslamjumain@gmail.com'),
(415,'Muh Jufri ST','Peserta','1-20-06-0420','mjuf9823@gmail.com'),
(416,'Esa Meilian 0','Peserta','1-20-06-0421','Esameilian27@gmail.com'),
(417,'Ir. Origen Ridwan M. Pasaribu','Peserta','1-20-06-0422','origen.or@gmail.com'),
(418,'Iqbal Maulana','Peserta','1-20-06-0423','iqbalreal08@gmail.com'),
(419,'Hero C. Utama, S.Kom','Peserta','1-20-06-0424','utamahero@gmail.com'),
(420,'Dandy Prayoga Wibowo','Peserta','1-20-06-0425','dandyprayogiwibowo@gmail.com'),
(421,'Rosalina','Peserta','1-20-06-0426','rosalina.hutagalungg@gmail.com'),
(422,'Firman Fachrudin Firmansyah','Peserta','1-20-06-0427','firmanfachrudinfirmansyah@my.jcu.edu.au'),
(423,'Andi Rakhmat P. Depu, ST','Peserta','1-20-06-0428','bossku031@gmail.com'),
(424,'Drs. Arris Maulana, S.T., M.T.','Peserta','1-20-06-0429','arrismaulana@gmail.com'),
(425,'Apriani Bohalima','Peserta','1-20-06-0430','apriani27bohalima@gmail.com'),
(426,'Adi Setyawan','Peserta','1-20-06-0431','adisetyawan2408@gmail.com'),
(427,'Rizki Yunan Syahputra Hasibuan','Peserta','1-20-06-0432','rizkihasibuan03@gmail.com'),
(428,'Bustanil, ST','Peserta','1-20-06-0433','rajo.indo290115@gmail.com'),
(429,'Mysdelty, S.Si,MT','Peserta','1-20-06-0434','mysdelty39@gmail.com'),
(430,'Ir. Hary Laksmanto, MEng','Peserta','1-20-06-0435','haryjalan@gmail.com'),
(431,'Deva Indah Sulistya','Peserta','1-20-06-0436','DevaIndahS@gmail.com'),
(432,'Dominikus Leonardo','Peserta','1-20-06-0437','dmnklnrd@gmail.com'),
(433,'ERIKA HIDAYATI','Peserta','1-20-06-0438','ehidayati54@gmail.com'),
(434,'Armand R. Dwinanda','Peserta','1-20-06-0439','dinov5758@gmail.com'),
(435,'MOCHAMAD ALI HAIDAR','Peserta','1-20-06-0440','alihaidar170599@gmail.com'),
(436,'Cyntha Tendean, S.T., M.T','Peserta','1-20-06-0441','Cynthatendean@gmail.com'),
(437,'Yola Maria, S.Tr.T','Peserta','1-20-06-0442','mariayola401@gmail.com'),
(438,'Wahyu Kristian, ST','Peserta','1-20-06-0443','wahyukristian2016@gmail.com'),
(439,'Dr. Daud Alfons Pandie','Peserta','1-20-06-0444','umbupaul38@gmail.com'),
(440,'Sudirman ST','Peserta','1-20-06-0445','Sudirmansela@gmail.com'),
(441,'Hauzan Rafi Athallah','Peserta','1-20-06-0446','hrathallah@gmail.com'),
(442,'Ir. NANANG ELVA JULIANOOR PUTRA, S.ST, M.T','Peserta','1-20-06-0447','Ir.nanangejp.sst.spp.mt@gmail.com'),
(443,'Dwi Wahyu Widodo, S.T.','Peserta','1-20-06-0448','wahyu.civil85@gmail.com'),
(444,'Andi Sarwono Suhar Kunna,ST','Peserta','1-20-06-0449','andiono48@gmail.com'),
(445,'Koko trimen purba','Peserta','1-20-06-0450','kokotrimenpurba@gmail.com'),
(446,'Aang Andriyan','Peserta','1-20-06-0452','aang.andriyan1628@gmail.com'),
(447,'Listyo Nugroho, ST','Peserta','1-20-06-0453','listyonugroho123@gmail.com'),
(448,'Agus Sulistiyono','Peserta','1-20-06-0454','tyokocuki@gmail.com'),
(449,'Raymond Danil Fernando Fau','Peserta','1-20-06-0455','raymond.fau@yahoo.com'),
(450,'Risna Rismiana Sari, S.T., M.Sc','Peserta','1-20-06-0456','risnars@polban.ac.id'),
(451,'Moh Rynaldi Fajar Shidiq','Peserta','1-20-06-0457','rynaldifs25@gmail.com'),
(452,'FRISCA ANIS KUMANINGTIAS','Peserta','1-20-06-0458','frizca.anis95@gmail.com'),
(453,'Agnes Nabella','Peserta','1-20-06-0459','agnesna23@gmail.com'),
(454,'TAOFIK BUDIMAN','Peserta','1-20-06-0460','Taofikbudiman1996@gmail.com'),
(455,'Aditya Ardian','Peserta','1-20-06-0461','adityaardian.2r@gmail.com'),
(456,'SILFAYANTI','Peserta','1-20-06-0462','Silfaiqfa@gmail.com'),
(457,'Yuliana Priska','Peserta','1-20-06-0463','yulianafrischap@gmail.com'),
(458,'Christian Anantha Adi Wirana','Peserta','1-20-06-0464','adianantha11@gmail.com'),
(459,'RUSDIANSYAH','Peserta','1-20-06-0465','rusdi3670@gmail.com'),
(460,'SHANNEN HANA NATALIA DESRIANI, S.T.','Peserta','1-20-06-0466','shannenhana2812@gmail.com'),
(461,'Muhamad Ibnu Yasyak','Peserta','1-20-06-0467','muhamadibnu92@gmail.com'),
(462,'Rizqi Khaerudin, S.Tr.Pi','Peserta','1-20-06-0468','rizqikhaerudin21@gmail.com'),
(463,'Lilik Sumarliadi','Peserta','1-20-06-0469','liliksumarliadi@yahoo.co.id'),
(464,'Andika Setya Ramadhan','Peserta','1-20-06-0470','Andikasetyar@gmail.com'),
(465,'M.IRFAN','Peserta','1-20-06-0471','muh.irfan257@mail.ugm.ac.id'),
(466,'Andi Lukmana K, ST.,MT','Peserta','1-20-06-0472','andilukmana40@yahoo.co.id'),
(467,'RAHMAT YUDHA PRAWIRA','Peserta','1-20-06-0473','yudhakuliahzoom@gmail.com'),
(468,'Agus Setia Ramdani','Peserta','1-20-06-0474','agus.sramdani1802@gmail.com'),
(469,'Nur Andhyk Prihatmoko','Peserta','1-20-06-0475','n.andhyk.p@gmail.com'),
(470,'Rofiq Widadi','Peserta','1-20-06-0476','rofiq_widadi@yahoo.com'),
(471,'Berlian Hardini','Peserta','1-20-06-0477','berlian.dede@gmail.com'),
(472,'SALSABILA HASYIM','Peserta','1-20-06-0478','Salsabilahsym@gmail.com'),
(473,'Agung Trasetyawan','Peserta','1-20-06-0479','trasetyawanagung@yahoo.com'),
(474,'erna nur wulandari','Peserta','1-20-06-0480','kawaiina85@gmail.com'),
(475,'Thomas gatot Hendarto','Peserta','1-20-06-0481','thomas.thendarto@gmail.com'),
(476,'DIAN RAMADHANI ZULKARNAIN','Peserta','1-20-06-0482','Dayenrz@gmail.com'),
(477,'TRIMARDIAH RANTE SAMBAN','Peserta','1-20-06-0483','Trimardiah12@gmail.com'),
(478,'Bella Rosalina, S.Pd','Peserta','1-20-06-0484','bellagalaxy17@gmail.com'),
(479,'Ahmad Norhadi,ST.MT','Peserta','1-20-06-0485','a.norhadi@poliban.ac.id'),
(480,'Hary Mulianto','Peserta','1-20-06-0486','hary.mulianto@yahoo.com'),
(481,'Muhammad Adi Lelono','Peserta','1-20-06-0487','muhammadadilelono03@gmail.com'),
(482,'VICTOR PINONDANG','Peserta','1-20-06-0488','victor.pinondang@gmail.com'),
(483,'PUTRI DIAH ANRAENI, A.Md.','Peserta','1-20-06-0489','panggraeni59@gmail.com'),
(484,'Prayoto','Peserta','1-20-06-0490','mrpray2000@gmail.com'),
(485,'Taufik irfadat, S. Sos., M. Si','Peserta','1-20-06-0491','taufikirfadat@gmail.com'),
(486,'Adam Safitri ST.MT','Peserta','1-20-06-0492','adamgubed@yahoo.com'),
(487,'Ahmad Akbar Ramadhani, A.Md.T.','Peserta','1-20-06-0493','ahmadakbar456@gmail.com'),
(488,'Novan Surya Aditiyawan','Peserta','1-20-06-0494','novan_aditiyawan@webmail.umm.ac.id'),
(489,'Albert Santoso, M.Kom','Peserta','1-20-06-0495','message2albert@gmail.com'),
(490,'Welly Irawan','Peserta','1-20-06-0496','welly.irawan@bpk.go.id'),
(491,'Dr. Erni Yuniarti, ST., M.Si','Peserta','1-20-06-0497','erniyuniarti1978@gmail.com'),
(492,'Hudchon Doyo Hastomo','Peserta','1-20-06-0498','Hudchonhas@gmail.com'),
(493,'Ali Azis Wibowo, ST','Peserta','1-20-06-0499','aliaz_iz@ymail.com'),
(494,'Muji Listyo Widiodo, ST.,M.Si','Peserta','1-20-06-0500','widodopsl14@gmail.com'),
(495,'Anisa Fadhillah Widyani','Peserta','1-20-06-0501','anisa.fadhillahwidyani@gmail.com'),
(496,'Amirullah','Peserta','1-20-06-0502','mingzfx@gmail.com'),
(497,'ELYS QOTRUNNADA MUNAWAROH','Peserta','1-20-06-0503','elysqotrunnada@gmail.com'),
(498,'PRIMA ANDIRA ALAMIN','Peserta','1-20-06-0504','prima19alamin@gmail.com'),
(499,'Kris Bintoro Hud K.ST','Peserta','1-20-06-0505','krisbintoro88@gmail.com'),
(500,'ZULFITRIANSYAH PUTRA, S.T','Peserta','1-20-06-0506','zulfitriansyahputra@gmail.com'),
(501,'FERRI ARIANTO','Peserta','1-20-06-0507','ferriarianto067@gmail.com'),
(502,'VELINDYA PUTRI AMANDHITA','Peserta','1-20-06-0508','velindyap@gmail.com'),
(503,'IRNA, ST., MT.','Peserta','1-20-06-0509','irnasawe@gmail.com'),
(504,'Ummi Dewi Suryani Nur, ST.','Peserta','1-20-06-0510','ummidsn@gmail.com'),
(505,'Dimas Okqi Aprilina','Peserta','1-20-06-0511','dimasokiy304@gmail.com'),
(506,'Hendra, S.Sos., M.A.','Peserta','1-20-06-0512','hen.dra13@yahoo.co.id'),
(507,'Reza Aditiya Adjie','Peserta','1-20-06-0513','rezaaditiyaadjie@gmail.com'),
(508,'Djoko Irianto ST','Peserta','1-20-06-0514','Djokoirianto@gmail.com'),
(509,'PAGIT JUNI SARTIKA BR TARIGAN, S.S.T.','Peserta','1-20-06-0515','pagitjunisartika@gmail.com'),
(510,'Ima Fatima','Peserta','1-20-06-0516','imafatima.if@gmail.com'),
(511,'Lidia Sihombing','Peserta','1-20-06-0517','lyalutor18@gmail.com'),
(512,'Desy Kumalasari','Peserta','1-20-06-0518','Kumalasaridezy1996@gmail.com'),
(513,'Agung Pangarso','Peserta','1-20-06-0519','apangarso277@gmail.com'),
(514,'Ahmad Nuruddin Musya','Peserta','1-20-06-0520','nuruddinmusya@gmail.com'),
(515,'Ir. Hengki Atmadji','Peserta','1-20-06-0521','atmadjihengki@gmail.com'),
(516,'Hendra Widjayakusuma, SPd, ST','Peserta','1-20-06-0522','hendrawidjayakusuma@gmail.com'),
(517,'Mister Riswan Pasaribu','Peserta','1-20-06-0523','mr_riswan@yahoo.co.id'),
(518,'Mohamad Nur Efendi, S.E.','Peserta','1-20-06-0524','fandynaeem99@gmail.com'),
(519,'Resti Meysita Pramaesti, S. Tr. T','Peserta','1-20-06-0525','Restymeysitap@gmail.com'),
(520,'Muhammad Arsyad, M.Pd.','Peserta','1-20-06-0526','muhammadarsyadindonesia@gmail.com'),
(521,'Doglas Histori Hutapea','Peserta','1-20-06-0527','Doglashistori@gmail.com'),
(522,'SIRAJUL UMAM','Peserta','1-20-06-0528','sirajulumam@gmail.com'),
(523,'Achmad Abrar Haziri S.Tr.T','Peserta','1-20-06-0529','Ahmad.abrar.mtri18@polban.ac.id'),
(524,'Henriette Dorothy Titaley, ST., MT','Peserta','1-20-06-0530','titaleyhd@gmail.com'),
(525,'Lipus','Peserta','1-20-06-0531','lipusbelangin@gmail.com'),
(526,'Ivan Budi Christiawan','Peserta','1-20-06-0532','Ivanchristiawan85@gmail.com'),
(527,'Deni kurnia, ST','Peserta','1-20-06-0533','dkurnia806@gmail.com'),
(528,'Aziz Yusuf prayitno','Peserta','1-20-06-0534','azizyusuf6704@gmail.com'),
(529,'Fariza Aulia Rahmanto','Peserta','1-20-06-0535','fariza49r@gmail.com'),
(530,'Alfi Tranggono Agus Salim','Peserta','1-20-06-0536','alfitranggono@pnm.ac.id'),
(531,'Ir.H.Abdul Muhyi, MT','Peserta','1-20-06-0537','aidil.muhyi@gmail.com'),
(532,'Unik Sugiono, SE.','Peserta','1-20-06-0538','uniksugiono@gmail.com'),
(533,'WIDYA VANDITA PUTRI','Peserta','1-20-06-0539','widyavanditaputri@gmail.com'),
(534,'Ir. WALUYO NUSWANTORO, ST., MT.','Peserta','1-20-06-0540','waluyonuswantoro01@gmail.com'),
(535,'RIZAL IFAN ASHARI','Peserta','1-20-06-0541','rizalifanas@gmail.com'),
(536,'Hikma Dewita,S.T.,M.T.','Peserta','1-20-06-0542','dewitahikma@gmail.com'),
(537,'Trihadi Usman','Peserta','1-20-06-0543','trihadiusman@gmail.com'),
(538,'Imah Luluk Kusminah','Peserta','1-20-06-0544','imahluluk@ppns.ac.id'),
(539,'Suprianto','Peserta','1-20-06-0545','antosupri90@gmail.com'),
(540,'Vivi Novita Suli, ST.','Peserta','1-20-06-0546','Vivinovitasuli69@gmail.com'),
(541,'Dewi Yanuar Puspita, S.E., Ak., CA','Peserta','1-20-06-0547','deyanitaque@yahoo.com'),
(542,'Ridwan','Peserta','1-20-06-0548','brantasabipraya.ridwan@gmail.com'),
(543,'Richo Oktavian Indarto','Peserta','1-20-06-0549','oktavian_richo@yahoo.co.id'),
(544,'ENDANG SUDARMAN','Peserta','1-20-06-0550','endang_sudarman@yahoo.com'),
(545,'Eko Maulana Syaputra, S.KM., MPH','Peserta','1-20-06-0551','ekomaulanasyaputra@gmail.com'),
(546,'Tiani Novita Dewi','Peserta','1-20-06-0552','Tianinovita20@gmail.com'),
(547,'Yusman, S.Si., M.T.','Peserta','1-20-06-0553','yusman.its@gmail.com'),
(548,'Hafizh Muhammad Rozaan','Peserta','1-20-06-0554','ahafizh777@Gmail.com'),
(549,'Ari anjasmara','Peserta','1-20-06-0555','putrimia262@gmail.com'),
(550,'SISKA NUR AMALIA','Peserta','1-20-06-0556','Siskanuramaliaicha@gmail.com'),
(551,'Arif Pujiono','Peserta','1-20-06-0557','ariefsca@gmail.com'),
(552,'Florentino Pereira.S.T,','Peserta','1-20-06-0558','florentinopereira3@gmail.com'),
(553,'RHEINA NURCHENDANI','Peserta','1-20-06-0559','rheinanur@gmail.com'),
(554,'Rizky Widyasari Syam','Peserta','1-20-06-0560','widhsergey@gmail.com'),
(555,'SILVIA TIARA PUSPITA','Peserta','1-20-06-0561','silviatiarapspta@gmail.com'),
(556,'Nur Muhammad Syaifullah Rahman','Peserta','1-20-06-0562','Syaiff_30@yahoo.com'),
(557,'Salwa Azzahrah','Peserta','1-20-06-0563','salwatanjung@gmail.com'),
(558,'Rachmat Kurniawan, ST','Peserta','1-20-06-0564','rachmat.alif@gmail.com'),
(559,'Penina T. Istia, S.Pd., M.Si','Peserta','1-20-06-0565','penina.istia@gmail.com'),
(560,'Achmad Sahirul Alim','Peserta','1-20-06-0566','shrl.alim@gmail.com'),
(561,'MUKLIS','Peserta','1-20-06-0567','muklis7092@gmail.com'),
(562,'Agus Salman Tamim S.T','Peserta','1-20-06-0568','agussalman362@gmail.com'),
(563,'Rambio Tampubolon','Peserta','1-20-06-0569','rambio76@gmail.com'),
(564,'Ir. Zaenal ST','Peserta','1-20-06-0570','Enalgowazaenal@gmail.com'),
(565,'IKSAN AIDIL AZHAR','Peserta','1-20-06-0571','ikhsanaidilazhar24@gmail.com'),
(566,'Kirana Ayu Pratiwi Sidik, S.T.','Peserta','1-20-06-0572','tiwy.kaps@gmail.com'),
(567,'Pingkan Pratasis','Peserta','1-20-06-0573','pingprat@gmail.com'),
(568,'SATRIA BINTANG PANINGIT','Peserta','1-20-06-0574','bintangpaningit@gmail.com'),
(569,'ZANA HARY BARUS','Peserta','1-20-06-0576','zanahary1@gmail.com'),
(570,'Muhamad Irfan','Peserta','1-20-06-0577','irfan541.mi@gmail.com'),
(571,'Andri Yunafrison','Peserta','1-20-06-0578','andriyunafrison1004@gmail.com'),
(572,'Febrila Wuri Cinola','Peserta','1-20-06-0579','febrilamuamar02@gmail.com'),
(573,'GOODMAN OCTAVIANUS','Peserta','1-20-06-0580','goodmanocta@gmail.com'),
(574,'Viktor Sarmedi Hutapea','Peserta','1-20-06-0581','viktorsarmedi@gmail.com'),
(575,'Ahmad Zaenuri','Peserta','1-20-06-0582','ahmadzaenuri1399@gmail.com'),
(576,'Rastra ardi yanatama','Peserta','1-20-06-0583','rastra_duta7@yahoo.com'),
(577,'Yonas Prima Arga Rumbyarso MT MM','Peserta','1-20-06-0584','primusindonesiaku@gmail.com'),
(578,'Ir. AGUS ISNANDITO, M.Tech.','Peserta','1-20-06-0585','amkaqhsse@gmail.com'),
(579,'Sarah Juliana Dovi','Peserta','1-20-06-0586','Sarahjdovi@gmail.com'),
(580,'Dibyo Setiawan, S.Pd., M.T','Peserta','1-20-06-0587','dibyosetiawan@gmail.com'),
(581,'Tomy Yudha Ardiansyah, S.Tr','Peserta','1-20-06-0588','tomyyudhaardiansyah27@gmail.com'),
(582,'Dode Mulyadi','Peserta','1-20-06-0589','dode_mulyadi@yahoo.com'),
(583,'ERNA SUSANTI','Peserta','1-20-06-0590','ernasoezantye21@gmail.com'),
(584,'Verlyn Zia Angelica Wijaya','Peserta','1-20-06-0591','verlynzia8@gmail.com'),
(585,'Dr. Ir. Mohammad Debby Rizani, ST. MT. IPM','Peserta','1-20-06-0592','dbyrizani@gmail.com'),
(586,'Bayu Angin Mardani, ST','Peserta','1-20-06-0593','bayuanginamka@gmail.com'),
(587,'YOVITA VIRHASNAA AMAANDA','Peserta','1-20-06-0594','yovita.amaanda@gmail.com'),
(588,'Ulfa Andriani','Peserta','1-20-06-0595','ulfaandriani04@gmail.com'),
(589,'anisa shinta damayanti, ST','Peserta','1-20-06-0596','shintasugiyarto@gmail.com'),
(590,'Rengga Sanditya','Peserta','1-20-06-0597','renggasanditya20@gmail.com'),
(591,'Nuryani Handayani','Peserta','1-20-06-0598','yani.its14@gmail.com'),
(592,'RIDWAN','Peserta','1-20-06-0599','ryan_bjm@yahoo.co.id'),
(593,'Prof. Zaidir, Dr.Eng.','Peserta','1-20-06-0600','zaidir2000@yahoo.com'),
(594,'SUGIARTO','Peserta','1-20-06-0601','antosugiarto25@gmail.com'),
(595,'Rima Deamas Syafitri','Peserta','1-20-06-0602','rima.deamas@gmail.com'),
(596,'Miftakhudin Sururi, S.T','Peserta','1-20-06-0603','msururi.2r@gmail.com'),
(597,'Endang Sonjaya','Peserta','1-20-06-0604','Ndang3666@gmail.ocm'),
(598,'Theo Achmad Zuhro','Peserta','1-20-06-0605','theoachmad18@gmail.com'),
(599,'Gita Puspita Sari','Peserta','1-20-06-0606','gitpuspitasari@gmail.com'),
(600,'Ir. Parulian Marpaung, M.M','Peserta','1-20-06-0607','m120jetri@gmail.com'),
(601,'Jumiana Hartika','Peserta','1-20-06-0608','ekakartika455@gmail.com'),
(602,'Davia Juseria Putri Herjuno','Peserta','1-20-06-0609','davia.herjuno@gmail.com'),
(603,'Ratu Salma Nisrina Nur Amirah','Peserta','1-20-06-0610','ratusalma21@gmail.com'),
(604,'Ir. Insannul Kamil, M.Eng., Ph.D., IPM, ASEAN Eng.','Narasumber','1-20-06-1001','kspribadi@gmail.com'),
(605,'Febry Indra Permana, S.Psi.','Narasumber','1-20-06-1002','thatalrasyied@gmail.com'),
(606,'Subkhan, S.T., M.PSDA','Narasumber','1-20-06-1003','subkhan@waskita.co.id'),
(607,'Ir.Desiderius Viby Indrayana, M.M., M.T.','Narasumber','1-20-06-1004','noelnona@yahoo.co.id'),
(608,'Abdurrahim Rafsanjani, S.T.','Moderator','1-20-06-1005','abdurrahimrafsanjani@gmail.com'),
(609,'Ja\'far Amiruddin','Peserta','1-20-06-0034','p3iunj@yahoo.com'),
(610,'A. MA\'RUF MACHMUD, ST, MT.','Peserta','1-20-06-0049','maruf.machmud@gmail.com'),
(611,'Ullya Nur Lailatun Ni\'mah','Peserta','1-20-06-0173','Ullyanurlailatunnikmah1906@gmail.com'),
(612,'Theodorus Pasomba\', ST','Peserta','1-20-06-0186','theo12pasomba@gmail.com'),
(613,'Ifani Mita\'ul Habibah','Peserta','1-20-06-0451','ifanimitaul@gmail.com'),
(614,'ALMED MANDA\'','Peserta','1-20-06-0575','almedmanda7@gmail.com'),
(615,'AVIP MA\'RUP','Peserta','1-20-06-0221','avipmarup@gmail.com');

/*Table structure for table `sertifikat_copy` */

DROP TABLE IF EXISTS `sertifikat_copy`;

CREATE TABLE `sertifikat_copy` (
  `id` bigint(10) NOT NULL AUTO_INCREMENT,
  `nama` varchar(200) DEFAULT NULL,
  `status` varchar(100) DEFAULT NULL,
  `no_sertifikat` varchar(200) DEFAULT NULL,
  `email` varchar(200) DEFAULT NULL,
  PRIMARY KEY (`id`)
) ENGINE=InnoDB AUTO_INCREMENT=3 DEFAULT CHARSET=latin1;

/*Data for the table `sertifikat_copy` */

insert  into `sertifikat_copy`(`id`,`nama`,`status`,`no_sertifikat`,`email`) values 
(1,'Gandhi Ganteng','Pembina','131313','gandhisaputra13@gmail.com'),
(2,'Batang Kelape','Pembina','8858588','batangkelape@gmail.com');

/*Table structure for table `users` */

DROP TABLE IF EXISTS `users`;

CREATE TABLE `users` (
  `id` bigint(20) unsigned NOT NULL AUTO_INCREMENT,
  `username` varchar(50) COLLATE utf8mb4_unicode_ci NOT NULL,
  `prov_naker` int(11) DEFAULT NULL COMMENT 'provinsi user disnaker',
  `jenis_usaha` int(11) DEFAULT NULL,
  `email` varchar(255) COLLATE utf8mb4_unicode_ci DEFAULT NULL,
  `password` varchar(100) COLLATE utf8mb4_unicode_ci NOT NULL,
  `name` varchar(50) COLLATE utf8mb4_unicode_ci NOT NULL,
  `last_login` datetime NOT NULL,
  `role_id` int(11) NOT NULL,
  `is_active` int(11) NOT NULL,
  `remember_token` varchar(100) COLLATE utf8mb4_unicode_ci NOT NULL,
  `created_at` timestamp NULL DEFAULT NULL,
  `updated_at` timestamp NULL DEFAULT NULL,
  PRIMARY KEY (`id`)
) ENGINE=InnoDB AUTO_INCREMENT=85 DEFAULT CHARSET=utf8mb4 COLLATE=utf8mb4_unicode_ci;

/*Data for the table `users` */

insert  into `users`(`id`,`username`,`prov_naker`,`jenis_usaha`,`email`,`password`,`name`,`last_login`,`role_id`,`is_active`,`remember_token`,`created_at`,`updated_at`) values 
(1,'admin',NULL,NULL,NULL,'$2y$10$bNwBf4NxooEZT2sIE57SC.4OitzOSdSD2.OtenAp5jW4lE9V.Bivu','admin','2020-05-08 22:30:43',1,1,'b0CGa8f8a06L8Qk7p4ezVXcbXVydEuNaYaSBgkSZav4HVym41wFVx5d0o4QY','2019-02-05 22:13:03','2020-05-08 22:30:43'),
(4,'gandhi',NULL,NULL,NULL,'$2y$10$378d0joUlPOUMnFEkbGv.OmcDN1qTi8EZjr2CRaMcQitiioNqXaMK','gandhi','2020-06-17 20:23:16',1,1,'vD4QBobVGvLkCHKBQfAdibkx75GbEIjAaC3adVX5XPa6RyC785TVMBlJL6Qw','2020-04-09 01:02:51','2020-06-17 20:23:16'),
(23,'albert',NULL,NULL,NULL,'$2y$10$XpTqgE9iDOHrF0huafYL5uZ5qmWmL9bvnVZRZ87WRsQ5OpLmDRNfy','albert','2020-06-17 18:50:23',1,1,'HTI9W8RrMBZDixkh9NLxTWqDmmeixgp3alRWVUaD13K1pGNetE7aymTHfleF','2020-04-18 00:41:34','2020-06-17 18:50:23');

/*!40101 SET SQL_MODE=@OLD_SQL_MODE */;
/*!40014 SET FOREIGN_KEY_CHECKS=@OLD_FOREIGN_KEY_CHECKS */;
/*!40014 SET UNIQUE_CHECKS=@OLD_UNIQUE_CHECKS */;
/*!40111 SET SQL_NOTES=@OLD_SQL_NOTES */;
